Course_Code,Course_Name_TH,Course_Name_EN,Description_TH,Description_EN,IS_ELECTIVE,Learning Outcome,Credits
INT102,,WEB TECHNOLOGY,"ความสำคัญของเทคโนโลยีเว็บ สถาปัตยกรรมของเว็บ เอชทีทีพี/เอชทีทีพีเอส สแตติกและได
 นามิกเอชทีเอ็มแอล ซีเอสเอส และสื่อประสมบนเว็บ การสร้างเว็บไซต์ หลักการของการสื่อสารแบบ
 ประสานเวลาและไม่ประสานเวลาบนเว็บ ลักษณะเฉพาะของสื่อบนเว็บและบนสมาร์ทโฟน ","The impact of the World Wide Web technology. Web architecture. HTTP/HTTPS, static 
and dynamic HTML, CSS, and web multimedia. Website creation. Concepts of asynchronous and 
synchronous communication on the web. Characteristics of web-based and mobile-based media. The impact of the World Wide Web technology. Web architecture. HTTP/HTTPS, static 
and dynamic HTML, CSS, and web multimedia. Website creation. Concepts of asynchronous and 
synchronous communication on the web. Characteristics of web-based and mobile-based media. Course Learning Outcomes 
1. Describe how the world-wide web has impacted people’s lives over time. 
2. Illustrate the growth and changes in mobile devices and applications over time. 
3. Describe the role of HTTP and HTTPS in the context of web applications. 
4. Describe several web technologies such as dynamic HTML and the client-side model, 
server-side model. 
5. Design and implement a simple web site that organizes information effectively, uses valid 
HTML and CSS, and. applies appropriate web standards from standards bodies such as 
W3C. 
6. Use the support tools for website creation and web management. 
7. Analyze usability, functionality, and suitability of a webpage/website. 
8. Explain the difference between asynchronous and synchronous communication on the 
web. 
9. Contrast the characteristics of various web- and mobile-based communication media. ",FALSE,,
INT20101,,JAVASCRIPT PROGRAMMING,"การเขียนโปรแกรมภาษาจาวาสคริปต์ขั้นสูง: การเขียนโปรแกรมเชิงวัตถุและเชิงฟังก์ชัน การ
 เขียนโปรแกรมฝั่งไคลเอนต์ขั้นสูง: ซีเอสเอสสคริปติง มีเดียแอนด์กราฟิกสคริปติง หน่วยเก็บข้อมูลฝั่ง
 ไคลเอนต์ การจัดการประวัติ; ไลบรารีและเฟรมเวิร์กสำหรับจาวาสคริปต์ เฟรมเวิร์กสำหรับโปรแกรม
 ประยุกต์แบบหน้าเดียว (เอสพีเอ) การพัฒนา การทดสอบ และการนำโปรแกรมฝั่งไคลเอนต์ไปติดตั้งใช้งาน","Advanced JavaScript programming: object-oriented and functional programming. 
Advanced client-side programming: CSS scripting, media and graphic scripting, client-side storage, 
history management. JavaScript libraries and frameworks. Single Page Application ( SPA) 
frameworks. Developing, testing, and deploying client-side programs.            
Course Learning Outcomes 
1. Describe how scripting languages are used for web scripting, server-side scripting, and 
operating system scripting.  
2. Describe how the Fair Information Practices apply to personal information and how online 
entities collect and use personal information. 
3. Make sense of the terms Personal Information, Personally Identifiable Information, De
Identification, Anonymization, Pseudonym, Masking, and Unmasking.  
4. Classify several categories of personal information according to privacy and disclosure 
risk. 
5. Contrast policies for collecting, processing, storing, sharing, and disposing of personal 
information. 
6. Illustrate the role and limitations of encryption for protecting personal information. 
7. Make sense of policies and technologies for isolating personal data from enterprise data. 
8. Analyze approaches for controlling access to personal information. 
9. Contrast client-side with server-side security issues and evidence-based security vs. code 
access security. 
10. Define and evaluate several goals of secure coding. 
11. Justify the guidelines for authenticating and defining permissions to systems services and 
resources. 
12. For each of the following “best secure coding” practices, give an example of a problem 
that can occur when the practice is not followed and then describe how to overcome the 
problem. 
a. Preventing buffer overflow 
b. Securing state data and method access 
c. Wrapper code 
d. Unmanaged code 
e. Validation of user input 
f. 
Remoting considerations 
g. Protected objects 
h. Serialization 
i. 
Robust error handling 
13. Use collaboration tools such as GitHub to work with a team on a web or mobile 
application.",FALSE,,
INT203,,CLIENT-SIDE WEB PROGRAMMING II,"การเขียนโปรแกรมภาษาจาวาสคริปต์ขั้นสูง: การเขียนโปรแกรมเชิงวัตถุและเชิงฟังก์ชัน การ
 เขียนโปรแกรมฝั่งไคลเอนต์ขั้นสูง: ซีเอสเอสสคริปติง มีเดียแอนด์กราฟิกสคริปติง หน่วยเก็บข้อมูลฝั่ง
 ไคลเอนต์ การจัดการประวัติ; ไลบรารีและเฟรมเวิร์กสำหรับจาวาสคริปต์ เฟรมเวิร์กสำหรับโปรแกรม
 ประยุกต์แบบหน้าเดียว (เอสพีเอ) การพัฒนา การทดสอบ และการนำโปรแกรมฝั่งไคลเอนต์ไปติดตั้งใช้งาน","Advanced JavaScript programming: object-oriented and functional programming. 
Advanced client-side programming: CSS scripting, media and graphic scripting, client-side storage, 
history management. JavaScript libraries and frameworks. Single Page Application ( SPA) 
frameworks. Developing, testing, and deploying client-side programs.            
Course Learning Outcomes 
1. Describe how scripting languages are used for web scripting, server-side scripting, and 
operating system scripting.  
2. Describe how the Fair Information Practices apply to personal information and how online 
entities collect and use personal information. 
3. Make sense of the terms Personal Information, Personally Identifiable Information, De
Identification, Anonymization, Pseudonym, Masking, and Unmasking.  
4. Classify several categories of personal information according to privacy and disclosure 
risk. 
5. Contrast policies for collecting, processing, storing, sharing, and disposing of personal 
information. 
6. Illustrate the role and limitations of encryption for protecting personal information. 
7. Make sense of policies and technologies for isolating personal data from enterprise data. 
8. Analyze approaches for controlling access to personal information. 
9. Contrast client-side with server-side security issues and evidence-based security vs. code 
access security. 
10. Define and evaluate several goals of secure coding. 
11. Justify the guidelines for authenticating and defining permissions to systems services and 
resources. 
12. For each of the following “best secure coding” practices, give an example of a problem 
that can occur when the practice is not followed and then describe how to overcome the 
problem. 
a. Preventing buffer overflow 
b. Securing state data and method access 
c. Wrapper code 
d. Unmanaged code 
e. Validation of user input 
f. 
Remoting considerations 
g. Protected objects 
h. Serialization 
i. 
Robust error handling 
13. Use collaboration tools such as GitHub to work with a team on a web or mobile 
application.",FALSE,,
INT204,,SERVER-SIDE WEB PROGRAMMING II,"หัวข้อขั้นสูงเกี่ยวกับการพัฒนาโปรแกรมประยุกต์แบบเว็บ การใช้ภาษาสคริปต์สำหรับฝั่ง
 เซิร์ฟเวอร์ขั้นสูง รูปแบบการออกแบบสำหรับโปรแกรมประยุกต์แบบเว็บ การสร้าง การทดสอบ และการนำ
 โปรแกรมประยุกต์แบบเว็บไปติดตั้งเพื่อใช้งาน การใช้เอพีไอสำหรับการแปลงระหว่างข้อมูลเชิงวัตถุและ
 ข้อมูลเชิงสัมพันธ์ การจัดการสถานะการใช้งานของโปรแกรมประยุกต์แบบเว็บขั้นสูง: ประเด็นเกี่ยวกับ
 องค์ประกอบของคลัสเตอร์ ยูอาร์แอลรีไร้ท์ติ้ง; หลักการของการประมวลผลแบบกระจาย: การเขียน
 โปรแกรมสื่อสารผ่านซ็อกเก็ต ดีคอม คอร์บา และอาร์เอ็มไอ; เอแจ็กซ์; การทดสอบ การรวบรวม และการ
 ติดตั้งซอฟแวร์ที่มีการพัฒนาแยกส่วนกันอย่างอัตโนมัติ; เครื่องมือ เฟรมเวอร์คและเทคโนโลยีสำหรับเว็บ; 
หลักการพื้นฐานของเว็บเซอร์วิส: สถาปัตยกรรมของเว็บเซอร์วิส, WSDL, SOAP, RESTful Web API; 
ประเด็นด้านความมั่นคงปลอดภัย: ช่องทางสื่อสารแบบมั่นคงปลอดภัย การพิสูจน์ตัวตน สิทธิในการใช้งาน 
ช่องโหว่ และการโจมตีโปรแกรมประยุกต์แบบเว็บและแบบโมบาย","Advanced topics of web-based application development. Advanced server-side scripting. 
Design patterns for web-based applications. Creating, testing, and deploying web applications. 
Using ORM API. Advanced application state management: clustering configuration issues, URL 
rewriting. Concepts of distributed processing: socket programming, DCOM, CORBA, and RMI. 
Asynchronous JavaScript and XML (Ajax). CI/CD (Continuous Integration/Continuous Delivery). 
Web application tools and frameworks. Basic concepts of web services: web service architectures, 
WSDL, SOAP, RESTful Web API. Web application security issues: secure communication, 
authentication, authorization, vulnerabilities and attacks in web and mobile applications. 
Course Learning Outcomes 
1. Evaluate the design and architecture of a web or mobile system, including issues such as 
design patterns (including MVC), layers, tradeoffs between redundancy and scalability, 
state management, and search engine optimization. 
2. Describe  
a. how different types of architectures must be considered for integrating systems  
b. how web services are used to integrate disparate applications in an organization. 
c. the role of the WSDL, SOAP, and UDDI architectures in creating and using web 
services. 
d. how authentication, secure certificates, and secure communication can be used in 
web sessions. 
e. how the Fair Information Practices apply to personal information and how online 
entities collect and use personal information. 
90 
3. Demonstrate the role of DCOM, CORBA, and RMI in distributed processing and the role of 
socket programming in communicating between systems. Contrast the protocols and uses 
of TCP/IP sockets and Datagram sockets. 
4. Illustrate browser security models including same-origin policy and thread models in web 
security. 
5. Instruct others on common types of vulnerabilities and attacks in web and mobile 
applications, such as 
a. Using web page graphics as web beacons, using cookies to compromise privacy, 
denial of service attacks, cross-site scripting attacks, and SQL injection attacks. 
b. Secure a web or mobile application and defend against common attacks using 
techniques such as client-side security capabilities, public key encryption, security 
certificates, and safely persisting user logins (such as “remember me” functionality). 
6. Use accepted standards to ensure that user input on web pages does not affect server
side processes. 
7. Make sense of the terms Personal Information, Personally Identifiable Information, De
Identification, Anonymization, Pseudonym, Masking, and Unmasking, policies and 
technologies for isolating personal data from enterprise data. 
8. Classify several categories of personal information according to privacy and disclosure 
risk. 
9. Contrast  
a. policies for collecting, processing, storing, sharing, and disposing of personal 
information. 
b. Contrast client-side with server-side security issues. 
c. Contrast evidence-based security vs. code access security.  
10. Illustrate the role and limitations of encryption for protecting personal information. 
11. Analyze approaches for controlling access to personal information. 
12. Justify the guidelines for authenticating and defining permissions to systems services and 
resources. 
13. For each of the following “best secure coding” practices, give an example of a problem 
that can occur when the practice is not followed and then describe how to overcome the 
problem. 
a. Preventing buffer overflow 
b. Securing state data 
c. Securing method access 
d. Wrapper code 
e. Unmanaged code 
f. 
Validation of user input 
91 
g. Remoting considerations 
h. Protected objects 
i. 
Serialization 
j. 
Robust error handling 
14. Use collaboration tools such as GitHub to work with a team on a web or mobile 
application.  
15. Argue for the benefit of multi-factor authentication.  
16. Recognize password guessing, port scanning, SQL injection probes, and other 
cyberattacks in log files.",FALSE,,
INT206,,ADVANCED DATABASE,โครงสร้างภายในของระบบฐานข้อมูล การทำดรรชนี การแบ่งส่วนตาราง การแบ่งคลัสเตอร์ การทำซ้ำฐานข้อมูล คิวรีออปติไมเซชัน ความมั่นคงปลอดภัยของระบบฐานข้อมูล การจัดการทรานแซกชัน และการควบคุมภาวะพร้อมกัน,"Internal database structure, indexing, table partitioning, clustering, database replication, 
query optimization, database security, transaction management and concurrency control. 
Course Learning Outcomes 
1. Make meaning of the concepts of authentication, authorization, and access control. 
2. Contrast backup and recovery plans designed to protect against natural disasters from 
those designed to protect against hostile actors. 
3. Analyze how data fragmentation, replication and allocation affect database performance. 
4. Contrast and compare data administration and database administration. 
5. Describe tasks commonly performed by database administrators. 
6. Create and manage database users, roles, and privileges. 
7. Consider the concept of database security and backup and recovery. 
8. Evaluate the importance of metadata in database environment. 
9. Describe the role of networking in database and file service applications.",FALSE,,
INT208,,NETWORK II,การติดต่อสื่อสารข้อมูล สัญญาณดิจิทัล รูปแบบการเชื่อมต่อ กฎกติกาการติดต่อสื่อสาร สถาปัตยกรรมเครือข่ายระยะใกล้และระยะไกล อุปกรณ์สำหรับการติดต่อสื่อสารข้อมูล กลไกและกฎกติกาการแลกเปลี่ยนตารางเส้นทาง ประสิทธิภาพเครือข่าย แถบความกว้างเครือข่าย การติดต่อสื่อสารในทางกายภาพ การตรวจสอบและการแก้ปัญหาเครือข่าย การบีบอัดข้อมูล และปริมาณการรับส่งข้อมูล,"data communications and telecommunications models, digital signal processing, 
topologies, protocols, standards, architectures, LAN and WAN technologies, data communication 
network devices, routing algorithms and protocols, network performance, channel capacity, 
bandwidth, physical communication, error detection, correction, compression, robustness, 
expandability, throughput 
Course Learning Outcomes 
1. Describe data communications, topologies, protocols, standards and architectures 
2. Describe the operation and components and requirements of network protocols 
3. Describe the necessary hardware and components used to establish communication 
between multiple networks 
4. Analyze the effect of various topologies, applications, and devices on network performance 
topics 
5. Compare the bandwidth characteristics of several types of physical communication media 
6. Compare methods of error detection and correction 
7. Describe the development of modern communication standards, addressing standards 
8. Analyze and compare networking topologies in terms of robustness, expandability and 
throughput",FALSE,,
INT209,,DEVOPS,แนวคิดของเดฟออปส์ การใช้งานเครื่องมือต่าง ๆ ในการบริหารจัดการกระบวนการพัฒนาซอฟต์แวร์ อาทิ CircleCI Jenkins เทคโนโลยีการทำคอนเทนเนอร์ การใช้เครื่องมืออัตโนมัติในการติดตั้งและใช้งานซอฟต์แวร์,"Course Learning Outcomes 
1. Discuss the DevOps concept 
2. Design and develop software development pipeline 
3. Develop a system to provide real-time feedback using continuous integration and build 
automation tools 
4. Use container or cloud services and technologies to increase operations performance",FALSE,,
INT210,,"ARCHITECTURE, INTEGRATION AND DEPLOYMENT",แนะนำพื้นฐานของสถาปัตยกรรมซอฟต์แวร์ พื้นฐานหลักการและแนวทางในการออกแบบสถาปัตยกรรม ความต้องการทางสถาปัตยกรรม รูปแบบสถาปัตยกรรม รูปแบบ เฟรมเวิร์ก การจัดทำเอกสารสถาปัตยกรรม การประเมินสถาปัตยกรรม สถาปัตยกรรมสมัยใหม่ เช่น สถาปัตยกรรมเชิงบริการ สถาปัตยกรรมคลาวด์ และการประมวลผลบนอุปกรณ์เคลื่อนที่ การรวมองค์ประกอบซอฟต์แวร์ การวางแผนต่อเนื่อง การรวมต่อเนื่อง การติดตั้งต่อเนื่อง การส่งมอบต่อเนื่อง การทดสอบอัตโนมัติ การควบคุมเวอร์ชัน และการจัดการโครงแบบซอฟต์แวร์,"Introduction to the fundamentals of software architecture, fundamental principles and 
guidelines for software architecture design, architectural requirements, architectural styles, 
patterns, frameworks, architecture documentation, architecture evaluation, modern architectures 
such as service-oriented, cloud architecture, and mobile computing; integration of software 
components, continuous planning, continuous integration, continuous deployment, continuous 
delivery, automated testing, version control and software configuration management 
Course Learning Outcomes 
1. Argue the importance and role of software architecture in large scale software systems. 
2. Demonstrate a firm understanding of the principles of software architecture. 
3. Recognize major software architectural styles, design patterns, and frameworks. 
4. Design an architecture that reflects and balances the different needs of its stakeholders. 
5. Describe a software architecture using various documentation approaches and 
architectural description languages. 
6. Discuss and evaluate the current trends and technologies such as model-driven and 
service-oriented architectures. 
7. Use appropriate tools to integrate, test, and deploy a software system. 
8. Practice version tracking, automated building, and release of software systems. ",FALSE,,
INT221,,INFORMATION TECHNOLOGY INTEGRATED PROJECT I,"โครงงานบูรณาการที่ทำจะต้องเป็นโครงงานที่ใช้ความรู้พื้นฐานทางเทคโนโลยีสารสนเทศ รวมถึง
 การประยุกต์แนวคิดและเทคนิคที่เคยเรียนมา ","Project must require a substantial background in Information Technology and the 
applications of studied concepts and techniques.  
Course Learning Outcomes 
1. analyze and design by follow the project requirements 
2. use and apply studied technical concepts and practices in the core information 
technologies",FALSE,,
INT103,,ADVANCED PROGRAMMING,"แนวคิดการเขียนโปรแกรมเชิงวัตถุ: การห่อหุ้ม (เอนแคปซูเลชัน), การรับทอด (อินเฮอริแทนซ์), ภาวะที่มีหลายรูปแบบ (พอลิมอร์ฟิซึม), คลาสนามธรรม, คอลเล็กชันคลาส, เจเนอริกส์, แนวคิดพื้นฐานของการออกแบบเชิงวัตถุ และดีไซน์แพตเทิร์น: เอ็มวีซี, ซิงเกิลตัน, ฟาซาด, แฟกทอรีเมธอด และอื่น ๆ การควบคุมดูแลอินพุต–เอาต์พุต การเขียนโปรแกรมติดต่อฐานข้อมูล ส่วนต่อประสานกราฟิกกับผู้ใช้ การเขียนโปรแกรมเชิงเหตุการณ์ และการเขียนโปรแกรมเชิงฟังก์ชัน","Object-oriented programming concepts: encapsulation, inheritance, and polymorphisms. 
Abstract classes, generics, collection classes. Basic concepts of object-oriented design and design 
patterns: MVC, singleton, façade, factory method, etc. I/O handling. Database programming. GUI. 
Event-driven programming. Functional programming concepts. Course Learning Outcomes 
1. Define the concept of inheritance and describe how it can be applied to encourage code 
reuse. 
2. Design an abstract class and use inheritance to create a class that extends the abstract 
class. 
3. Design, develop, and test an application that uses the abstract class. 
4. Write programs that use data structures (built-in, library, and programmer-defined): strings, 
lists, and maps. 
5. Describe how design patterns are useful in integrative programming. 
6. Evaluate the motivation for using design patterns: MVC, singleton, factory method, façade, 
etc. 
7. Apply decomposition strategy to design a solution to a complex problem. 
8. Write a program that uses file I/O and database to provide persistence across multiple 
executions. 
9. Explain and use basic GUI and event-driven programming concepts. 
10. Compare and contrast the object-oriented programming approach and the functional 
programming approach.",FALSE,,
INT200,,DATA STRUCTURE & ALGORITHM,"การวิเคราะห์เวลาดำเนินงานและความซับซ้อนของอัลกอริทึม โครงสร้างข้อมูลแบบต่าง ๆ 
อาร์เรย์ ลิงค์ลิสต์ กองซ้อน แถวคอย ทรี แฮช กราฟ ไบนารีฮีป การวิเคราะห์ความต้องการด้านเวลา และ 
หน่วยความจำในการค้นหา อัลกอริทึมเกี่ยวกับการค้นหาและการเรียงลำดับ การแก้ปัญหาแบบบรูทฟอร์ซ 
การแบ่งแล้วเข้ายึด ขั้นตอนวิธีแบบละโมบ การชดเชยกันระหว่างเวลากับเนื้อที่ของการคำนวณ ","Analysis of running time and complexity of the algorithms, data structures: arrays, linked lists, stacks, queues, trees, hash, graph, binary heap, analysis of running
 and time tradeoffs 
Course Learning Outcomes 
1. Analyze the performance of different implementations of data structures. 
2. Decide on appropriate data structures for modeling a given problem. 
3. Explain appropriateness of selected data structures. 
4. Create algorithms to solve a computational problem. 
5. Explain how programs implement algorithms in terms of instruction processing, program 
execution, and running processes. 
6. Apply appropriate mathematical concepts in programing: expressions, abstract data types, 
recurrence relations, and formal reasoning on algorithm’s efficiency and correctness. 
7. Evaluate empirically the efficiency of an algorithm. 
8. Describe why and how algorithms solve computational problems.",FALSE,,
INT202,,SERVER-SIDE WEB PROGRAMMING I,"หลักการขั้นพื้นฐานของเวิร์ลไวด์เว็บ: สถาปัตยกรรมของเว็บ เอชทีทีพีโพรโทคอล การร้องขอและ
 การตอบสนองเอชทีทีพี การส่ง/รับพารามิเตอร์ ส่วนหัวของเอชทีทีพี; สถาปัตยกรรมของโปรแกรมประยุกต์
 แบบเว็บ ตัวบริการโปรแกรมประยุกต์แบบเว็บ การใช้ภาษาสคริปต์สำหรับฝั่งเซิร์ฟเวอร์ขั้นพื้นฐาน รูปแบบ
 การออกแบบด้วยโมเดลวิวคอนโทรลเลอร์ การจัดการสถานะการใช้งานของโปรแกรมประยุกต์แบบเว็บขั้น
 พื้นฐาน: คุกกี้และการจัดการเซสชัน; การแปลงระหว่างข้อมูลเชิงวัตถุและข้อมูลเชิงสัมพันธ์ขั้นพื้นฐาน; การ
 สร้าง การทดสอบ และการน าโปรแกรมประยุกต์แบบเว็บไปติดตั้งเพื่อใช้งานเบื้องต้น; การทดสอบ การ
 รวบรวม และการติดตั้งซอฟแวร์ที่มีการพัฒนาแยกส่วนกันอย่างอัตโนมัติ; เครื่องมือ เฟรมเวิร์กและ
 เทคโนโลยีสำหรับเว็บ ","The basic concepts of the World Wide Web: web architectures, HTTP protocol, HTTP 
requests and responses, HTTP request parameters, HTTP headers. Web application architectures, 
application servers, simple server-side scripting. Model View Controller Design Pattern (MVC). 
Simple application state management: cookies and session management. Basic concepts of 
Object-Relational Mapping (ORM). Creating, testing, and deploying simple web applications. 
Standard tools, frameworks, and technologies for web. 
Course Learning Outcomes 
1. Describe  
a. web software stack technologies such as LAMP solution stack (Linux, Apache 
HTTP server, MySQL, PHP/Perl/Python), the key components of a web solution 
stack using LAMP as an illustrative example. 
b. several web technologies such as dynamic HTML and the client-side model, 
server-side model  
c. the constraints involved in state management (cookies, query strings, sessions) in 
the web and mobile context. 
d. how the Fair Information Practices apply to personal information and how online 
entities collect and use personal information. 
87 
e. several characteristics of web servers such as handling permissions, file 
management, capabilities of common server architectures. 
2. Illustrate several roles and responsibilities of clients and servers for a range of possible 
applications, the difference between asynchronous and synchronous communication on the 
web, the role and limitations of encryption for protecting personal information. 
3. Select several tools that will ensure an efficient approach to implementing various client
server possibilities. 
4. Argue for the advantages and disadvantages of development frameworks for web and 
mobile development, the benefit of multi-factor authentication. 
5. Use a development framework such as jQuery, Angular, Laravel, ASP.NET MVC, Django, 
or WordPress, industry-standard tools and technologies for web and mobile development. 
6. Make sense of the terms Personal Information, Personally Identifiable Information, De
Identification, Anonymization, Pseudonym, Masking, and Unmasking,  policies and 
technologies for isolating personal data from enterprise data. 
7. Classify several categories of personal information according to privacy and disclosure 
risk. 
8. Contrast policies for collecting, processing, storing, sharing, and disposing of personal 
information. 
9. Analyze approaches for controlling access to personal information. 
10. Contrast client-side with server-side security issues. 
11. Recognize password guessing, port scanning, SQL injection probes, and other 
cyberattacks in log files.  
12. Build and debug app programs using standard libraries, unit testing tools, and debuggers.  
13. Write programs that use data structures (built-in, library, and programmer-defined): strings, 
lists, and maps.  
14. Design and implement a simple interactive web-based application (for example, a simple 
web form that collects information from the client and stores it in a file on the server. 
15. Illustrate the difference between asynchronous and synchronous communication on the 
web. ",FALSE,,
INT101,,PROGRAMMING FUNDAMENTALS,"หลักการขั้นพื้นฐานของสถาปัตยกรรมฮาร์ดแวร์และซอฟต์แวร์สำหรับการเขียนโปรแกรม 
แนวคิดขั้นพื้นฐานของการเขียนโปรแกรมเชิงวัตถุ: คลาส, วัตถุ, แอตทริบิว, เมท็อด; โครงสร้างของ
 โปรแกรม: ชนิดข้อมูล (ตัวเลข ตรรกะ อักขระ) ตัวแปร ค่าคงตัว ตัวดำเนินการและนิพจน์ (เลขคณิต 
ตรรกะ) ข้อความสั่ง (การกำหนดค่า การเลือก การวนซ้ำ การจัดการความผิดปกติ) โพรซีเดอร์และการ
 กำหนดพารามิเตอร์ ไลบรารี ส่วนต่อประสานโปรแกรม โครงสร้างข้อมูลและขั้นตอนวิธีขั้นพื้นฐาน: อาร์เรย์ 
ลิงค์ลิสต์ การสร้าง การแก้จุดบกพร่อง และการทดสอบโปรแกรม การออกแบบโปรแกรมขั้นพื้นฐาน 
รูปแบบการเขียนโปรแกรมและการทำเอกสารกำกับโปรแกรม","Basic abstractions of software and hardware architectures for programming. Basic 
concepts of object-oriented programming: classes, objects, attributes, and methods. Programming 
constructs: data types (numeric, Boolean, characters), variables, constants, (arithmetic, logical) 
operators and expressions, statements (assignment, selection, repetition, exception handling), 
procedures and parameterization, libraries, and programming interfaces. Basic data structures and 
algorithms: arrays, linked lists. Building, debugging, and testing programs. Design of simple 
programs, programming styles and documentation. Course Learning Outcomes 
1. Explain basic abstractions of software and hardware architectures involved in developing a 
simple program and abstractions used to represent digital data. 
2. Describe how classes and objects can be used to build a simple program, how a 
programming interface is used in programming, and illustrate with an example when the 
use of a programming interface simplified the development of a system, and why and how 
algorithms solve simple computational problems. 
3. Select appropriate built-in data types and library data structures (abstract data types) to 
model, represent, and process program data. 
4. Use procedures and parameterization to reduce the complexity of writing and maintaining 
simple programs and to generalize solutions. 
5. Compare multiple levels of abstraction to write programs (constants, expressions, 
statements, procedures, parameterization, and libraries). 
6. Develop abstractions when writing a simple program or an IT artifact. 
80 
7. Explain appropriateness of iterative and recursive problem solutions. 
8. Write programs that use iterative and recursive techniques to solve simple computational 
problems. 
9. Build and debug simple programs using standard libraries, unit testing tools, and 
debuggers. 
10. Evaluate readability and clarity of programs based on program style, documentation, pre- 
and post-conditions, and procedural abstractions.",FALSE,,
INT20102,,JAVASCRIPT IN THE BROWSER,"การเขียนโปรแกรมภาษา JavaScript ขั้นสูง: การเขียนโปรแกรมเชิงวัตถุและเชิงฟังก์ชัน; การเขียนโปรแกรมฝั่งไคลเอนต์ขั้นสูง: การจัดการสคริปต์ CSS, การจัดการสคริปต์สื่อและกราฟิก, หน่วยเก็บข้อมูลฝั่งไคลเอนต์, การจัดการประวัติการเข้าชม; ไลบรารีและเฟรมเวิร์กสำหรับ JavaScript; เฟรมเวิร์กสำหรับโปรแกรมประยุกต์หน้าเดียว (SPA); การพัฒนา การทดสอบ และการติดตั้งใช้งานโปรแกรมฝั่งไคลเอนต์","Advanced JavaScript programming: object-oriented and functional programming. 
Advanced client-side programming: CSS scripting, media and graphic scripting, client-side storage, 
history management. JavaScript libraries and frameworks. Single Page Application ( SPA) 
frameworks. Developing, testing, and deploying client-side programs. 
1. Describe how scripting languages are used for web scripting, server-side scripting, and 
operating system scripting.  
2. Describe how the Fair Information Practices apply to personal information and how online 
entities collect and use personal information. 
3. Make sense of the terms Personal Information, Personally Identifiable Information, De
Identification, Anonymization, Pseudonym, Masking, and Unmasking.  
4. Classify several categories of personal information according to privacy and disclosure 
risk. 
5. Contrast policies for collecting, processing, storing, sharing, and disposing of personal 
information. 
6. Illustrate the role and limitations of encryption for protecting personal information. 
7. Make sense of policies and technologies for isolating personal data from enterprise data. 
8. Analyze approaches for controlling access to personal information. 
9. Contrast client-side with server-side security issues and evidence-based security vs. code 
access security. 
10. Define and evaluate several goals of secure coding. 
11. Justify the guidelines for authenticating and defining permissions to systems services and 
resources. 
12. For each of the following “best secure coding” practices, give an example of a problem 
that can occur when the practice is not followed and then describe how to overcome the 
problem. 
a. Preventing buffer overflow 
b. Securing state data and method access 
c. Wrapper code 
d. Unmanaged code 
e. Validation of user input 
f. 
Remoting considerations 
g. Protected objects 
h. Serialization 
i. 
Robust error handling 
13. Use collaboration tools such as GitHub to work with a team on a web or mobile 
application. ",FALSE,,
INT205,,DATABASE MANAGEMENT SYSTEM,ความรู้เบื้องต้นเกี่ยวกับฐานข้อมูล แนวคิดของฐานข้อมูลเชิงสัมพันธ์ การออกแบบฐานข้อมูลด้วยแบบจำลองความสัมพันธ์ของข้อมูล กระบวนการนอร์มอลไลซ์ การเขียนเอสคิวแอลซับคิวรี การสร้างวิว และแนวคิดระบบคลังข้อมูลขั้นพื้นฐาน,"Introduction to databases, relational database concept, database design using entity
relationship model, normalization, writing SQL subqueries, creating view, basic data warehouse 
concepts. 
Course Learning Outcomes 
1. Tell a brief history of database models and their evolution. 
2. Describe  
a. how data storage and retrieval has changed over time. 
b. mechanisms for data collection and their implications (automated data collection, input 
forms, sources). 
c. basic issues of data retention, including the need for retention, physical storage, 
backup, and security. 
d. how the growth of the internet and demands for information for users outside the 
organization (customers and suppliers) impact data handling and processing. 
e. the role of data, information, and databases in organizations. 
f. 
the relationship between a logical model and a physical model. 
g. how the data warehouse concept relates to enterprise information integration. 
3. Justify the advantages of a database approach compared to traditional file processing. 
4. Compare and use key terms such as: information, data, database, database management 
system, metadata, and data mining. 
92 
5. Illustrate data quality, accuracy, and timeliness, and explain how their absence will impact 
organizations. 
6. Express the relationship between functional dependencies and keys and give examples. 
7. Design Entity Relationship diagrams based on appropriate organizational rules for a given 
scenario. 
8. Evaluate importance of database constraints. 
9. Design a physical model for the best performance including impact of normalization and 
indexes. 
10. Compare and contrast the differences and similarities between the relational and the 
dimensional data modeling (OLTP vs. OLAP). 
11. Evaluate data integrity and provide examples of entity and referential integrity. 
12. Demonstrate an understanding of online analytical processing and data warehouse 
systems. 
13. Create updatable and non-updatable views",FALSE,,
INT207,,NETWORK I,"ระบบไม่ระบุตัวตน มุมมอง ผลกระทบและองค์ประกอบเครือข่าย มาตรฐานเครือข่าย IEEE802 
คุณลักษณะต่างๆ ของการสื่อสารข้อมูล หมายเลข IP อีเทอร์เน็ต คุณลักษณะกฎกติกาการสื่อสาร การบริหารจัดการเครือข่าย เทคโนโลยีเว็บ โมเดล OSI อุปกรณ์ โครงสร้างการเชื่อมต่อ การเขียนโปรแกรมติดต่อบริการเว็บ","anonymity systems, perspectives and impact, components, devices, benefits, network 
standards, IEEE802, data communication characteristics, IP addressing, Ethernet, client server on 
LAN, protocol characteristics, troubleshoot LANs and devices, network management issues, 
network management architecture, management console, web stack technologies, network 
services, OSI model, connection services, network devices, topologies, protocol suites, network 
standards, web services, socket programming 
Course Learning Outcomes 
1. Compare limitations and strengths of anonymous communication systems 
2. Identify components of a network, devices and their purpose 
3. Describe how IT uses or benefits from network 
4. Identify current network standards 
5. Contrast OSI and Internet models 
6. Express network media and distinguish between LANs and WANs 
7. Describe how communication characteristics impact data communication performance 
8. Deploy and troubleshoot basic Ethernet LAN 
9. Exhibit the concepts of IP protocol suite 
10. Illustrate roles and responsibilities of clients and servers 
11. Describe several web technologies and characteristics of web servers 
12. Discuss issues and architecture related to network management 
13. Discuss major network protocols and services, e.g. TCP/UDP, IPv4, IPv6, ARP, DHCP, 
DNS",FALSE,,
INT214,,STATISTICS FOR INFORMATION TECHNOLOGY,การประยุกต์สถิติเพื่อใช้ประมวลผลข้อมูลทางวิทยาศาสตร์ ข้อมูลสำหรับใช้งานทางธุรกิจ การประมวลผลข้อมูลปริมาณมาก ค่าสถิติพื้นฐาน ค่าสถิติเชิงพรรณนา ค่าสถิติเชิงอนุมาน การจัดกลุ่มข้อมูล การสุ่มตัวอย่าง ทฤษฎีของเบย์ การแจกแจงความน่าจะเป็น การแจกแจงข้อมูลแบบปกติ การแจกแจงแบบพัวซอง การกำหนดและทดสอบสมมติฐาน การถดถอยเพื่อการพยากรณ์ ค่าสหสัมพันธ์ การวิเคราะห์ความแปรปรวน และการสร้างกราฟ ตารางนำเสนอข้อมูลที่เหมาะสม การใช้งานโปรแกรมคอมพิวเตอร์ประมวลผลค่าทางสถิติ,"Application of statistic in data science, business and big data processing, basic statistics, 
descriptive statistics, inference statistics, data clustering, sampling, Bayes theory, probability 
distribution, normal distribution, Poisson distribution, regression, correlation, analysis of variance 
and data visualization, the use of statistical package 
Course Learning Outcomes 
1. Frame problems using multiple statistical representations of relevant structures and 
relationships and solve using standard techniques. 
2. Apply quantitative models to solve real world problems in appropriate contexts. 
3. Effectively use professional level technology tools to support the study of statistics. 
4. Summarize data visually and numerically. 
5. Learn and apply the tools of formal inference. 
6. Execute statistical analyses with professional software. 
7. Recognize and appreciate the connections between theory and applications. 
8. Be life-long learners who are able to independently expand their mathematical or statistical 
expertise when needed, or for interest’s sake. 
9. Use statistical reasoning, formulate a problem in statistical terms, perform exploratory 
analysis of data by graphical and other means, and carry out a variety of formal inference 
procedures. 
10. Describe important theoretical results and understand how they can be applied to answer 
statistical questions. 
11. Have communication skills which are necessary to effectively collaborate as part of 
interdisciplinary teams including the ability to interpret and communicate the results of a 
statistical analysis through oral and written reports.",FALSE,,
INT222,,INFORMATION TECHNOLOGY INTEGRATED PROJECT II,"โครงงานบูรณาการส่วนที่ 2 เป็นงานต่อเนื่องจากโครงงานบูรณาการส่วนที่ 1 (INT XXX) 
นักศึกษาต้องเขียนโปรแกรมให้เสร็จสมบูรณ์ ทดสอบ และติดตั้งระบบ ","This course is a continuation of INT 221 Students must complete the implementation, 
testing, and deployment. 
Course Learning Outcomes 
1. practice software development by follow the project requirements  
2. Implement and deliver a completed software product with proper testing of its system ",FALSE,,
INT305,,SEMI-STRUCTURED AND UNSTRUCTURED DATA MANAGEMENT,โครงสร้างข้อมูลแบบเอกซ์เอ็มแอล เมทาดาทา ข้อมูลแบบกึ่งโครงสร้าง ความแตกต่างระหว่างเอกสารเอกซ์เอ็มแอลที่มีรูปแบบถูกต้องและเอกสารเอกซ์เอ็มแอลที่ถูกต้องสมบูรณ์ การใช้คำนิยามชนิดเอกสาร การสร้างข้อกำหนดเอกสารสำหรับโครงสร้างข้อมูล เนมสเปซ เอกซ์เอสแอล เอกซ์เอสแอลที เอกซ์พาธ์ และเอกซ์คิวรี โครงสร้างข้อมูลแบบโนเอสคิวแอล ความแตกต่างระหว่างโนเอสคิวแอลและเอสคิวแอล โนเอสคิวแอลประเภทต่าง ๆ การเลือกประเภทของโนเอสคิวแอลให้เหมาะกับลักษณะงานที่ต้องการ การจัดเก็บและแลกเปลี่ยนข้อมูลด้วยรูปแบบเจสัน,"XML structure, metadata, semi-structured data, the difference between well-formed and 
valid XML, a document type definition, writing XML definition, namespace, XSL, XSLT, XPath and 
XQuery. NoSQL structure, the difference between NoSQL and SQL, document-based, key-value 
stores, column-based, graph-based type of NoSQL, selecting proper type of NoSQL for specific 
tasks, store and exchange data using JSON format 
Course Learning Outcomes 
1. Describe major concepts of object oriented, XML, NewSQL, and NoSQL databases. 
2. Produce a definition for the term ‘metadata.’ 
3. Describe how ASCII, EBCDIC, and Unicode are used to encode data, and show how each 
should be used. 
98 
4. Describe how XML and the document object model are being used to integrate and 
exchange data between systems. 
5. Use DTD to create a document definition for a data structure. Given a DTD for data 
structure, create an XML document with real data. 
6. Describe how XSL, XSLT and XPath are used to transform data streams. 
7. Describe how XQuery and XPath are used to query XML data. 
8. Contrast and compare relational databases concepts and non-relational databases 
including object-oriented, XML, NewSQL and NoSQL databases.",FALSE,,
INT307,,SECURITY I,"การรักษาความมั่นคงที่ใช้งานได้จริง  การลดความเสี่ยงและการกู้คืน  ประเด็นในการปฏิบัติด้าน
 ความมั่นคง การรายงานข้อมูลด้านความมั่นคง  ความมั่นคงสำหรับระบบคลาวด์ ความมั่นคงของบุคลากร
 และบุคคล มิติทางสังคม ","Usable security, mitigation and recovery, operational issues, reporting requirements, 
cloud security, personnel and human security, social dimensions 
Course Learning Outcomes 
1. Describe how the concept of “psychological acceptability” and and the importance of 
usability  
2. Analyze a security policy and/or procedure to show where it considers, or fails to consider, 
human factors 
3. Discuss a risk mitigation and incident recovery plan 
4. Document the managerial and forensic steps for recovery after detecting a hostile insider 
5. Contrast backup and recovery plans designed to protect against natural disasters from 
those designed to protect against hostile actors 
6. Document standards that apply to an organization’s information security posture 
7. Make meaning of the inherent tension between the concepts of personal privacy, 
accountability, and deterrence related to cybersecurity events 
8. Document legal and regulatory requiremens related to cyber security for an organization 
9. Discuss security issues related to using cloud services PaaS IaaS SaaS 
10. Discuss various issues related to personnel and human security 
11. Describe how crowdsourcing techniques such as big data and mining impacts data 
confidentiality, integrity, and availability ",FALSE,,
INT314,,APPLIED MATHEMATIC FOR DATA SCIENCE,สถิติสำหรับนักวิทยาศาสตร์ข้อมูล โมเดลของข้อมูลที่อยู่บนพื้นฐานของความน่าจะเป็น การประมาณความหนาแน่นของข้อมูลและปัญหาที่เกี่ยวข้อง การแก้ปัญหาด้วยกำลังสองน้อยที่สุด พีชคณิตเชิงเส้น พีชคณิตเมทริกซ์ เคอร์เนลและการแปลงคุณลักษณะ ตัวแบบเชิงเส้น การหาค่าเหมาะที่สุดโดยพิจารณาการเอียงลาดลงของเกรเดียนต์และการใช้สโทแคสติกเกรเดียนต์ การแยกค่าเอกฐาน การลดมิติ ทฤษฎีสารสนเทศ และฟังก์ชันเวียนบังเกิด,"Statistic for data science, Probabilistic Data Model, Density Estimation & Related 
Problems, Least Squares problems, Linear algebra, Matrix algebra,  Kernels and Feature Maps, 
Linear model, Gradient Descent and Stochastic Gradient Optimization, Singular Value 
Decomposition, Dimensionality Reduction, Information theory, Recursive functionCourse Learning Outcomes 
1. Explain statistical techniques the frequently used for data preprocessing, modeling and 
evaluation.  
2. Explain least squares problems and it’s application.  
3. Apply probabilistic data model to appropriate data. 
4. Relate density estimation & Related Problems. 
5. Solve basic computational methods in calculus, algebra, and differential equations. 
6. Explain kernels and feature maps.  
7. Apply gradient descent and stochastic gradient for optimization problem.  
8. Explain singular value decomposition and it’s application.  
9. Discuss how to apply dimensionality reduction appropriately.  
10. Relate mathematical concepts to problems arising in data science. 
11. Derive general principles from examples. 
12. Illustrate mathematical concepts clearly.",FALSE,,
INT321,,INFORMATION TECHNOLOGY SEMINAR I,"นักศึกษาจะต้องเข้าร่วมสัมมนาในหัวข้อที่นักศึกษาสนใจที่มีอาจารย์ประจำวิชารับรองก่อนเข้า
 ร่วมสัมมนา โดยนักศึกษาต้องมีจำนวนชั่วโมงสัมมนาไม่น้อยกว่า 15 ชั่วโมงต่อปีการศึกษา โดยเป็นสัมมนา
 ที่จัดภายในหรือภายนอกมหาวิทยาลัย และมีการจัดทำรายงานผล ","Students must attend seminars hosted by the university or external organizations, where they engage in intensive study of specialized topics for at least 15 hours per academic year, and must submit a seminar report afterward.

Course Learning Outcomes:

Demonstrate an active attitude toward learning from experts.

Understand IT disciplines and explore new areas of knowledge.

Express ideas or knowledge gained from the seminars clearly and effectively.",FALSE,,
INT361,,RESEARCH PROJECT I,"โครงงานวิจัยสำหรับนักศึกษาปี 3 เทอม 2  การนำเสนอหัวข้อวิจัย ความชัดเจนของคำถามวิจัย 
การศึกษางานวิจัยที่เกี่ยวข้องกระบวนการดำเนินการวิจัย รายงานและการนำเสนอความก้าวหน้า ","Research project for the second semester of junior students; research proposal, clarity of 
research question, literature reviews, research methodology, research progress report and 
presentation 
Course Learning Outcomes 
1. identify appropriate research topics 
2. prepare research proposal, including an appropriate feasibility study and proper research 
planning  
3. Identify and utilize relevant previous works that support their research 
4. identify and demonstrate appropriate research methodologies  
5. deliver a good project presentation with a range of audiences. ",FALSE,,
INT365,,INFORMATION TECHNOLOGY CAPSTONE PROJECT I,"โครงงานรวบยอดเทคโนโลยีสารสนเทศสำหรับนักศึกษาปี 3 เทอม 2 การนำเสนอโครงงาน 
การศึกษาความเป็นไปได้ การวิเคราะห์และออกแบบ การพัฒนา รายงานและการนำเสนอผลงาน ","Information technology capstone project for the second semester of junior students; 
Information technology project proposal, feasibility study report, system analysis and design, 
implementation, report and project presentation 
Course Learning Outcomes 
1. prepare proposal of capstone project, including an appropriate feasibility study and proper 
project planning  
2. present clearly student own ideas on the capstone project 
3. produce requirement, analysis, design of the software and its system by follow software 
development methodology 
4. compare and evaluate various frameworks, libraries, and tools  
5. deliver a good project presentation with a range of audiences.",FALSE,,
INT371,,EXPERIENTIAL LEARNING PROJECT I,"โครงงานการเรียนรู้ผ่านประสบการณ์การทำงาน  1 เตรียมหัวข้อโครงงานผ่านประสบการณ์การ
 ทำงาน ศึกษาความเป็นไปได้ การวิเคราะห์และออกแบบ การพัฒนา รายงานและการนำเสนอผลงาน ","Experiential Learning Project I, Prepare for experiential learning project topic, feasibility 
study report, system analysis and design, implementation, report and project presentation 
Course Learning Outcomes 
1. prepare proposal of capstone project, from the actual working experience project  
2. produce requirement, analysis, design of the software and its system by follow software 
development methodology 
3. compare and evaluate various framseworks, libraries, and tools  
4. deliver a good project presentation with a range of audiences.",FALSE,,
INT421,การเรียนรู้ของเครื่องจักรประยุกต์,APPLIED MACHINE LEARNING,"การนำเทคนิคการเรียนรู้ของเครื่องมาประยุกต์ใช้กับชุดข้อมูลจริง, การสุ่มตัวอย่างข้อมูลและการประมวลผลก่อน, คุณลักษณะ, การประมาณความหนาแน่น, การแปลงคุณลักษณะ, การลดมิติ, การเลือกคุณลักษณะ, การวัดความเหมือนและความต่าง, การจัดกลุ่มข้อมูล, การวิเคราะห์เพื่อนบ้านใกล้ที่สุด, โมเดลของข้อมูลที่อยู่บนพื้นฐานของความน่าจะเป็น, ฟังก์ชันความสูญเสีย, แนวทางการเรียนรู้, ปัญหาความเหมาะสมเกินไป, การหาค่าความถูกต้องแบบสลับ (Cross-validation), ตัวแบบถดถอย, การถดถอยโลจิสติก, ซัพพอร์ตเวกเตอร์แมชชีน, เครือข่ายประสาทเทียม, เครือข่ายประสาทเทียมแบบลึก","Applying machine learning techniques to real word dataset, Data and Sampling Models, 
Feature, Density estimation, Feature Maps, Dimensionality Reduction, Feature Selection, Similarity 
and Distance measurement, Clustering Algorithms, Nearest Neighbor analysis, Probabilistic Data 
Model, Loss Function, Learning Approaches, Overfitting problem, Cross Validation, Regression 
models, Logistic Regression, Support Vector Machines, Artificial Neural Networks, Deep Neural 
Networks, Model evaluation and selection",TRUE,"1. Use data mining software, such as Weka, RapidMiner, Knime and H2O, to perform data 
mining. 
2. Use tools such as JavaScript and Plotly, R and RStudio, Python and Jupyter notebook and 
MapReduce/Hadoop to apply machine learning pipeline. 
3. Describe data preprocessing techniques—data integration, data cleansing, data 
transformation and data reduction. 
4. Compare decision boundary of classification models including  Logistic regression, Support 
vector machines and Artificial neural networks. 
5. Select supervised model using appropriate model evaluation technique. 
6. Identify the effect of data sampling models. 
7. Apply appropriate supervised/unsupervised learning to solve real-world problems. 
8. Communicate the results of machine learning to audience appropriately. 
9. Explain technical foundation of feature maps, dimensionality reduction and feature 
selection. 
10. Compare different similarity and distance measurements. 
11. Describe how cross validation can be used to avoid overfitting problem. 
12. Identify appropriate learning approaches for model training.",3(3-0-6)
INT510,,AGILE SOFTWARE DEVELOPMENT,เทคนิคการพัฒนาซอฟต์แวร์แบบทำซ้ำและแบบทำเพิ่ม วิธีการอไจล์ สกรัม และอื่น ๆ ความคล่องแคล่วขององค์กร พลวัตของทีม การร่วมมือ การนำเสนอความก้าวหน้าเชิงคุณภาพและการวัด สกรัมมาสเตอร์ เจ้าของผลผลิตแบบสกรัม ทีมพัฒนาแบบสกรัม การวางแผน การทำสกรัมรายวัน การทบทวน การวิเคราะห์ผลย้อนหลังแบบสกรัม การใช้สกรัมกับการพัฒนาระบบที่ใช้ปัญญาประดิษฐ์,"Iterative and incremental software development techniques, agile methods, scrums, etc., 
organizational agility, team dynamics, collaboration, qualitative progress presentation and 
measurement, scrum product owner, scrum development team, planning, daily scrum, review, 
and retrospective analysis, scrum for AI-enabled software development ",TRUE,,
INT540,การเงินธุรกิจและการวิเคราะห์ข้อมูล,BUSINESS FINANCE AND DATA ANALYTICS,เรียนรู้จากมุมมองการบริหารและวิเคราะห์การเงินและการวิเคราะห์ข้อมูลด้วยเครื่องจักรกลเรียนรู้ หลักการวิเคราะห์ทางการเงินและการจัดการธุรกิจ รายงานทางการเงิน การวิเคราะห์กระแสเงินสด ดัชนีชี้วัดความสามารถของธุรกิจ การวิเคราะห์เชิงสถิติ การประเมินความเสี่ยง การเงินระหว่างประเทศและเศรษฐศาสตร์ที่เกี่ยวข้อง การประเมินราคาหลักทรัพย์ทางการเงิน การจัดการพอร์ตการลงทุน การวิเคราะห์และทำนายทางการเงินเชิงเวลาและเชิงเทคนิค เทคนิคการจัดเตรียมและตรวจสอบข้อมูล เพื่อใช้เครื่องจักรกลเรียนรู้สนับสนุนในการวิเคราะห์ทางการเงินธุรกิจ,"Learn the concept of financial management and the usage of data 
analytics by machine learning methods Concept of financial analysis and 
business management, financial statements and cashflow analysis, 
business performance indicators, statistical analysis, risk evaluation, 
international finance and relevant economics, security valuation, portfolio 
management, financial time series analysis and forecasting, data treatment 
and validation for machine learning to support the business financial 
analytics",TRUE,"1. สามารถอธิบายความหมายและวิเคราะห์ดัชนีทางการเงินที่สำคัญในรายงานทางการเงิน
2. สามารถวิเคราะห์ความเสี่ยงทางการเงินจากตัวแปรสำคัญ ได้แก่ อัตราแลกเปลี่ยน และหลักการเศรษฐศาสตร์
3. สามารถใช้แบบจำลองในการวิเคราะห์ ประเมินค่า และทำนายการเปลี่ยนแปลงทางการเงิน
4. สามารถใช้โปรแกรมเครื่องจักรกลเรียนรู้ การวิเคราะห์เชิงสถิติและอัลกอริทึมในการวิเคราะห์พื้นฐานธุรกิจและการเงิน",3(3-0-6) 
INT540,,MANAGEMENT INFORMATION SYSTEMS,,,TRUE,,
INT114,,DISCRETE MATHEMATICS FOR INFORMATION TECHNOLOGY,ตรรกะประพจน์ ตรรกะประโยคเปิด ตัวเชื่อมตรรกะ ประพจน์ทุกตัว ประพจน์มีจริง ความสมเหตุสมผลของการอ้างเหตุผล เทคนิคในการพิสูจน์ หลักการพีชคณิตแบบบูล เซตและการดำเนินการทางเซต ฟังก์ชันและความสัมพันธ์ การนับ ลำดับ อุปนัยเชิงคณิตศาสตร์ การวนและการเรียกซ้ำ กราฟและต้นไม้ ต้นไม้ทวิภาค,"Propositional logic, predicate logic, logical connectives, universal and existential 
statement, validity of argument, proof techniques, boolean algebra principles, sets and set 
operations, functions and relations, combinatorics, sequences, mathematical induction, iterations 
and recursions, graphs and trees, binary trees 
Course Learning Outcomes 
1. Appreciate and understand the basic principles of discrete structures. 
2. Understand logical arguments and logical constructs. 
3. Interpret and write the quantified statements. 
4. Comprehend and construct simple mathematical proofs. 
5. Represent functions and relations with set builder notation. 
6. Analyze and find combinatorics solutions. 
7. Form closed and recursive formulas of sequences. 
8. Make sense of mathematical induction. 
9. Write programs that use iterative and recursive techniques to solve computational 
problems. 
10. Know the basic terms use in graphs and trees. 
11. Describe the properties of binary tree. ",FALSE,,
INT201,,CLIENT-SIDE WEB PROGRAMMING I,"โมเดลการสร้างโปรแกรมประยุกต์แบบเว็บเชิงโต้ตอบอย่างง่าย: โมเดลฝั่งไคลเอนต์ และโมเดลฝั่ง
 เซิร์ฟเวอร์ พื้นฐานการเขียนโปรแกรมภาษาจาวาสคริปต์: ชนิดข้อมูล นิพจน์ ข้อความสั่ง โครงสร้างข้อมูล 
85 
ฟังก์ชัน และวัตถุ; การเขียนโปรแกรมฝั่งไคลเอนต์ด้วยดอม: วัตถุวินโดว์ เอกสาร และเหตุการณ์; คุกกี้ เอ
 แจ็กซ์และเจสัน","Simple interactive web-based application implementation models: client-side model and 
server-side model. Basic JavaScript programming: data types, expressions, statements, data 
structures, functions, and objects. Client-side programming using Document Object Model (DOM): 
window, document and event objects. Cookies. Asynchronous JavaScript and XML ( Ajax) . 
JavaScript Object Notation (JSON).  
Course Learning Outcomes 
1. Describe how scripting languages are used for web scripting, server-side scripting, and 
operating system scripting, several web technologies such as dynamic HTML and the 
client-side model, server-side model, how the Fair Information Practices apply to personal 
information and how online entities collect and use personal information. 
2. Write, debug, and test a script that includes selection, repetition, and parameter passing. 
3. Develop a web or mobile application that 
a. uses industry-standard technologies, 
b. integrates serialized data in a structured format such as XML or JSON both 
synchronously and asynchronously, 
c. validates data inputs on the client- and server-side as appropriate, 
d. uses cookies, 
e. reads or modifies data in a server-side database, and 
f. 
uses JavaScript. 
4. Express different ways for current testing standards, constraints that mobile platforms put 
on developers, including the performance vs. power tradeoff. 
5. Contrast mobile programming, web programming, and general-purpose programming. 
6. Design and implement a simple interactive web-based application (for example, a simple 
web form that collects information from the client and stores it in a file on the server).  
7. Make sense of the terms Personal Information, Personally Identifiable Information, De
Identification, Anonymization, Pseudonym, Masking, and Unmasking.  
8. Classify several categories of personal information according to privacy and disclosure 
risk. 
9. Contrast client-side with server-side security issues, policies for collecting, processing, 
storing, sharing, and disposing of personal information. 
10. Illustrate the role and limitations of encryption for protecting personal information. 
11. Make sense of policies and technologies for isolating personal data from enterprise data. 
12. Analyze approaches for controlling access to personal information. 13. Build and debug app programs using standard libraries, unit testing tools, and debuggers. 
Use collaboration tools such as GitHub to work with a team on a web or mobile 
application.  
14. Design and implement a simple interactive web-based application (for example, a simple 
web form that collects information from the client and stores it in a file on the server).  
15. Illustrate the difference between asynchronous and synchronous communication on the 
web. ",FALSE,,
INT339,,PREPARATION FOR CAREER TRAINING,"เตรียมความพร้อมในด้านต่าง ๆ ให้นักศึกษาก่อนออกฝึกประสบการณ์วิชาชีพ ระเบียบ เงื่อนไข
 ในการฝึก ลักษณะการปฏิบัติงานที่เหมาะสม การแต่งกาย บุคลิกภาพ วินัยในการปฏิบัติงาน การแก้ไข
 ปัญหาต่าง ๆ ในการฝึก  ","Prepares students for career training, rules and conditions for training, suitable jobs for 
training, how to dress, work place behavior, work discipline and how to solve various problems 
that may arise.  
Course Learning Outcomes 
1. Identify the purpose of career training 
2. Understand the professional ethic and work discipline 
3. Explain knowledge and skill preparation for training job",FALSE,,
INT350,,COOPERATIVE STUDY,"นักศึกษาทำงานตามที่ตกลงกับภาคอุตสาหกรรม ธุรกิจเอกชน หน่วยงานของรัฐ หรือองค์กรอื่น 
ๆ ที่เหมาะสม ไม่น้อยกว่า 16 สัปดาห์ นักศึกษาต้องทำรายงานประกอบ และมีการนิเทศน์จากคณาจารย์ใน
 หลักสูตร","Students will enter an experiential learning program with the industrial sector, the 
business sector, the government agencies or other organizations deemed appropriate for a period 
of at least 16 weeks. Student is required to do the report and the program provide multiple lecturer 
visitations at the cooperative site 
Course Learning Outcomes 
1. recognize the nature of business  
2. apply the theories and practices in Information Technology to project assignments  
3. do the project in real problem under supervision of professional staffs ",FALSE,,
INT370,,WORK INTEGRATED LEARNING,"นักศึกษาเข้าร่วมการเรียนรู้ เชิงประสบการณ์ในภาคอุตสาหกรรม ธุรกิจเอกชน หน่วยงานของรัฐ 
หรือองค์กรอื่น ๆ ที่เหมาะสม ไม่น้อยกว่า 24 สัปดาห์ คณาจารย์ สถานประกอบการ และนักศึกษา 
เตรียมการร่วมกันเพื่อให้เกิดประสบการณ์การทำงานตามที่คาดหวัง รายวิชานี้ให้โอกาสนักศึกษาได้เรียนรู้
 จากประสบการณ์การปฏิบัติงานจริงในสถานประกอบการ การวัดผลการเรียนรู ้และการประเมินผลจะได้รับ
 การออกแบบให้เหมาะสมกับลักษณะของงาน ","Students will enter an experiential learning program with the industrial sector, the 
business sector, the government agencies or other organizations deemed appropriate for a period 
of at least 24 weeks. Lecturers, the workplace and the student work closely together in preparing 
the expected work experience. The course gives students the opportunity to learn how to learn 
from the actual working experience. Assessment and evaluation will be specifically designed to 
suit the nature of the work.  
Course Learning Outcomes 
1. recognize the nature of business  
2. apply the theories and practices in Information Technology to project assignments  
3. do the selected project in real business under supervision of professional staffs and school 
advisiors ",FALSE,,
INT308,,SECURITY II,"บริการด้านความมั่นคง กลไกและมาตรการตอบโต้การบุกรุก คุณสมบัติด้านความมั่นคง ลักษณะ
 การบุกรุกและวิธีตรวจสอบ ระบบที่เชื่อมั่นได้สูง จุดอ่อน การคุกคามและความเสี่ยง การเข้ารหัสลับเบื้องต้น 
จุดอ่อนของระบบเว็บและโมบาย ","Security services, mechanisms and countermeasures; security properties; cyber-attacks 
and detection; high assurance systems; vulnerabilities, threats and risks; cryptography overview; 
web and mobile vulnerabilities 
Course Learning Outcomes 
1. Analyze tradeoffs among key security properties (CIA) 
2. Describe the concepts of risks, threats and vulnerabilities 
3. Explain the concepts of authentication, authorization, and access control 
4. Contrast the roles of prevention, deterrence and detection mechanisms 
5. Make sense of the concepts of trust and trustworthiness, and various aspects of high 
assurance systems, and mechanisms to achieve high assurance 
6. Use a risk management framework 
7. Use tools to identify vulnerabilities 
8. Recognize vulnerabilities for different platforms and infrastructure 
9. Exhibit comprehension of cryptography and related concepts 
10. Describe vulnerabilities and security models for web and mobile systems 
11. Describe techniques used to secure web and mobile services",FALSE,,
INT319,,IT PROFESSIONAL PRACTICE,"มุมมองและผลกระทบของการปฏิบัติแบบมืออาชีพด้านเทคโนโลยีสารสนเทศ การกำกับดูแล
 เทคโนโลยีสารสนเทศ และทรัพยากร การระบุและประเมินความเสี่ยง ประเด็นทางสิ่งแวดล้อม ประเด็นทาง
 จริยธรรม กฎหมายและความเป็นส่วนตัว สิทธิทางปัญญา การสื่อสาร การทำงานเป็นทีมและการบริหาร
 จัดการความขัดแย้ง หลักการของระบบสารสนเทศ ประเด็นด้านความเป็นมืออาชีพและความรับผิดชอบ","perspectives and impact, IT governance and resource management; risk identification 
and evaluation, environmental issues, ethical, legal, and privacy issues, intellectual property, 
communications, teamwork and conflict management, information systems principles, professional 
issues and responsibilities 
Course Learning Outcomes 
1. Analyze the role of IT governance and its effect on organizations 
2. Compare and describe various aspects of IT governance 
3. Create and justify appropriate policies and procedures to manage resources 
4. Analyze and evaluate risk to an organization 
5. Analyze and critique ways to develop green IT policies and standards 
6. Evaluate strategies for effective professional communication 
7. Illustrate several essential skills for communicating within a team environment 
8. Analyze skill sets needed to function effectively in a team environment 
9. Describe several ways that conflict management aids to build stronger teams 
10. Describe ways in which IS supports organization requirements",FALSE,,
INT322,,INFORMATION TECHNOLOGY SEMINAR II,"นักศึกษาจะต้องเข้าร่วมสัมมนาในหัวข้อที่นักศึกษาสนใจที่มีอาจารย์ประจำวิชารับรองก่อนเข้า
 ร่วมสัมมนา โดยนักศึกษาต้องมีจำนวนชั่วโมงสัมมนาไม่น้อยกว่า 15 ชั่วโมงต่อปีการศึกษา โดยเป็นสัมมนา
 ที่จัดภายในหรือภายนอกมหาวิทยาลัย และมีการจัดทำรายงานผล","Students must attend the seminars hosted by university or outside university in which 
students pursue intensive study of specialized topics at least 15 hours per academic year and 
submit the seminar report. 
Course Learning Outcomes 
1. Show active attitude toward the learning proposed by experts. 
2. Understanding IT discipline and exploring new fields of knowledge. 
3. Express the idea or knowledge gain from the seminar",FALSE,,
INT366,,INFORMATION TECHNOLOGY CAPSTONE PROJECT II,"โครงงานรวบยอดเทคโนโลยีสารสนเทศสำหรับนักศึกษาปี 4 เทอม 1 งานต่อเนื่องจากโครงงาน
 รวบยอดเทคโนโลยีสารสนเทศ 1 (INT 365) การพัฒนาระบบสารสนเทศให้เสร็จสมบูรณ์ การทดสอบ การ
 ติดตั้ง รายงานและการนำเสนอผลงาน","Information technology capstone project for senior students, continuation of Information 
Technology capstone Project I (INT 365), complete the implementation, testing, deployment, report 
and project presentation 
Course Learning Outcomes 
1. compare and evaluate various frameworks, libraries, and tools  
2. implement and deliver a completed software product with proper testing of its system 
3. deliver a good project presentation with a range of audiences.",FALSE,,
INT372,,EXPERIENTIAL LEARNING PROJECT II,"การพัฒนาระบบสารสนเทศให้เสร็จสมบูรณ์ การทดสอบ การติดตั้ง รายงานและการนำเสนอ
 ผลงาน ","Continuation of Experiential Learning Project I, complete the implementation, testing, 
installation, report and project presentation  
Course Learning Outcomes 
1. compare and evaluate various frameworks, libraries, and tools  
2. implement and deliver a completed software product with proper testing of its system 
3. deliver a good project presentation with a range of audiences.",FALSE,,
INT432,,INFORMATION TECHNOLOGY SERVICES MANAGEMENT,การบริหารบริการด้านเทคโนโลยีสารสนเทศในองค์กร การจัดหาและการเลือกผู้ให้บริการ ผู้ใช้ พฤติกรรมองค์กร และการบริหารองค์กร ข้อตกลงระดับการให้บริการ เทคโนโลยีและเทคนิคเพื่อการให้บริการ การบริหารบุคลากรด้านเทคโนโลยีสารสนเทศ การคำนวณต้นทุนของการให้บริการ ปัจจัยหลักของความสำเร็จ และตัวอย่างกรณีศึกษาของหน่วยงานที่ให้บริการเทคโนโลยีสารสนเทศ,"Management of Information Technology (IT) services in an enterprise includes acquisition and sourcing, user management, organizational behavior and management, service level agreements (SLAs), as well as techniques and technologies used to deliver IT services. It also covers IT human resource management, cost estimation, identification of critical success factors, and analysis of case studies from IT service organizations.

Course Learning Outcomes

List and describe IT services within an enterprise.

Define and formulate a Service Level Agreement (SLA) for a service.

Describe technologies and methods used to provide IT services.

Identify key success factors for IT service organizations.

Explain the ITIL (Information Technology Infrastructure Library) framework.

Explain how IT services can be continuously improved for better efficiency and quality.",TRUE,,
INT511,,FULL STACK WEB DEVELOPMENT,,,TRUE,,
INT540,, LOGISTICS AND SUPPLY CHAIN MANAGEMENT,,"Supply chain management (SCM) concepts, basic implementation of procurement to pay 
solutions, the process based functionality supported in purchasing and payables, purchasing 
process, procurement process, payables process, suppliers, approved supplier lists, requisitions, 
automatic document creation, document security, routing, approvals, basic inventory and 
purchasing setups: locations, inventory organizations, units of measure and items 
1. Demonstrate open source ERP and CRM model to analyze and audit business processes 
and needs. 
2. Demonstrate operational purchasing methods and techniques on supplier management 
and supply in specific business domains. 
3. Explain the strategic importance of logistic elements and describe how they affect supply 
chain management. 
4. Analyze the creation of new value in the supply chain for customers, society and the 
environment. ",TRUE,,
INT340,,CAREER TRAINING,"นักศึกษาทำงานตามที่ตกลงกับภาคอุตสาหกรรม ธุรกิจเอกชน หน่วยงานของรัฐ หรือองค์กรอื่น 
ๆ ที่เหมาะสม ไม่น้อยกว่า 240 ชั่วโมง นักศึกษาต้องทำรายงานประกอบ และมีการนิเทศน์จากคณาจารย์
 ในหลักสูตร ","Students will enter an experiential learning program with the industrial sector, the 
business sector, the government agencies or other organizations deemed appropriate for a period 
of at least 240 hours. Students are required to submit training report and the program provide 
lecturer visitation at the training site 
Course Learning Outcomes 
1. recognize the nature of business  
2. practice in real working environment under supervision of professional staffs  
3. apply information technology knowledge to job assignment",FALSE,,
INT492,,BLOCKCHAIN ENGINEERING,,,TRUE,,
INT104,,USER EXPERIENCE DESIGN,"กระบวนการคิดเชิงออกแบบ เทคนิคการออกแบบประสบการณ์ผู้ใช้และวิธีปฏิบัติงานที่เป็นเลิศที่ รวมถึง การรวบรวมความต้องการ การวิเคราะห์ความต้องการ การศึกษาความใช้งานได้ วิธีการทำต้นแบบ 
เทคนิคการประเมิน ปัจจัยด้านมนุษย์ การพัฒนาวิธีติดต่อผู้ใช้ที่มีประสิทธิผล จิตวิทยาการรับรู้ มาตรฐาน
 ด้านความใช้งานได้ มาตรฐานการเข้าถึงได้ เครื่องมือในการออกแบบ","Design thinking, user experience design techniques and best practices including 
requirement gathering, requirements analysis, usability studies, prototyping methods, evaluation 
techniques, human factors, developing effective interfaces, cognitive psychology, usability 
standards, accessibility standards, design tools Course Learning Outcomes 
1. Understand that the best innovations are usually the ones that address deep human needs 
which point to meaning and the human experience. 
2. Realize the importance of prototyping mind set, where iterations, trial and error, and failure 
are all part of a valuable, creative learning process.  
3. Define the meaning of user experience design. 
4. Apply a user-centered design cycle and related tools and techniques. 
5. Analyze and evaluate stakeholder needs. 
6. Explain the importance of user abilities and characteristics in the usability of products.  
7. Adapt an interface to more effectively relate to users’ characteristics. 
8. Describe how creative innovation techniques such as brainstorming can lead to optimal 
user interfaces. 
9. Describe common usability guidelines and standards",FALSE,,
INT105,,BASIC SQL,การสร้างโครงสร้างฐานข้อมูลอย่างง่าย การเขียนคำสั่งเอสคิวแอลขั้นพื้นฐาน การเขียนนิพจน์ การเรียงลำดับข้อมูล การเรียกดูข้อมูล การคัดเลือกข้อมูลโดยการใช้การดำเนินการด้านการคำนวณทางคณิตศาสตร์ ด้านการเปรียบเทียบ และด้านตรรกศาสตร์ การใช้ฟังก์ชันพื้นฐานและฟังก์ชันการรวมกลุ่มข้อมูล การดำเนินการของเซต การเรียกดูข้อมูลจากหลายตาราง และการเปลี่ยนแปลงข้อมูล,"Creating simple database structures. Writing basic Structured Query Language (SQL) 
statements, expressions, sorting, selecting data using arithmetic operations, comparison 
operations and logic operations, using basic functions and aggregate functions, set operations, 
displaying data from multiple tables and writing SQL statements to manipulate data. Course Learning Outcomes 
1. Creating and querying simple database objects and modify data using the Structured 
Query Language (SQL). 
2. Perform filtering and sorting data using various clauses including where, order by, 
between, like, group by, and having. 
3. Use joins to select data across multiple tables. 
4. Perform calculations in a query using calculated fields and aggregate functions. 
5. Demonstrate select, project, union, intersection, set difference, and natural join relational 
operations using simple example relations provided. 
6. Explain the concept of embedded SQL queries.",FALSE,,
INT107,,COMPUTING PLATFORMS TECHNOLOGY,หลักเบื้องต้นของฮาร์ดแวร์และซอฟต์แวร์ การทำงานร่วมกันของฮาร์ดแวร์และซอฟต์แวร์ การแทนข้อมูล ส่วนประกอบและหน้าที่ของฮาร์ดแวร์ การเชื่อมต่อและการสื่อสาร หลักการของระบบปฏิบัติการ ส่วนประกอบและหน้าที่ของระบบปฏิบัติการ ระบบแฟ้มข้อมูล เทคโนโลยีความเป็นเสมือน การประมวลผลแบบคลาวด์ การฝึกปฏิบัติ การฝึกติดตั้งและจัดการระบบปฏิบัติการที่ใช้ในปัจจุบัน,"Fundamentals of hardware and software, integration of hardware and software, data 
representation, hardware components and functions, interfacing and communication, operating 
system principles, operating system components and functions, file systems, virtualization 
technology, cloud computing; laboratory component: installation and administration of modern 
operating systems. 
Course Learning Outcomes 
1. Describe how the components and functions of an OS work together 
2. Demonstrate the ability to use both Windows and Unix-class systems 
3. Demonstrate the main benefits of using scripts to perform OS tasks 
4. Describe how numbers and characters are represented in a computer 
5. Produce a block diagram of the main parts of a computer 
6. Describe how a computer store and retrieves information to and from memory  
7. Compare the performance of two different computers with two different OS",FALSE,,
INT491,,INTRODUCTION TO DATA ANALYTICS AND BIG DATA,,,TRUE,,
INT491,, MANAGEMENT INFORMATION SYSTEM,,,TRUE,,
INT362,,RESEARCH PROJECT II,"โครงงานรวบยอดเทคโนโลยีสารสนเทศสำหรับนักศึกษาปี 4 เทอม 1 งานต่อเนื่องจากโครงงาน
 รวบยอดเทคโนโลยีสารสนเทศ 1 (INT 361) การพัฒนาระบบสารสนเทศให้เสร็จสมบูรณ์ การทดสอบ การ
 ติดตั้ง รายงานและการนำเสนอผลงาน","Information technology capstone project for senior students, continuation of Information 
Technology capstone Project I (INT 359), complete the implementation, testing, deployment, report 
and project presentation 
Course Learning Outcomes 
1. identify and practice research ethics and responsible conduct in research 
2. plan and execute a substantial research project 
3. critical thinking and problem solving skills 
4. develop an experimental design, collection of accurate and precise data, critical analysis 
and interpretation of results 
5. present the research project in a public area and a written publication",FALSE,,
INT440,การจัดการกระบวนการทางธุรกิจ ,BUSINESS PROCESS MANAGEMENT,พื้นฐานของการจัดการกระบวนการทางธุรกิจ การกำหนดและออกแบบกระบวนการ การค้นพบกระบวนการ ภาษาและเทคนิคการจำลองกระบวนการ การวิเคราะห์กระบวนการเชิงคุณภาพ การวิเคราะห์กระบวนการเชิงปริมาณ การวิเคราะห์การไหลและการจำลองสถานการณ์ การออกแบบใหม่กระบวนการ การพัฒนาและการดำเนินกระบวนการ การเฝ้าสังเกตและการควบคุมกระบวนการ ความชาญฉลาดของกระบวนการ การทำเหมืองกระบวนการ,"Introduction to business process management, process identification and design, process 
discovery, modeling languages and techniques, qualitative process analysis, quantitative process 
analysis, flow analysis and simulation, process redesign, process implementation and execution, 
process monitoring and controlling, process intelligence, process mining.",TRUE,"1. understand business model and identify business processes by using systematic methods 
2. understand business process modeling concept, business processes and able to identify 
business process ingredients 
3. understand the concept of business process re-design, business process execution, and 
business process monitoring and control   
4. understand BPMN 2.0 and use its notations for business process modeling 
5. read business processes with BPMN 2.0 model  
6. translate business process into a model correctly in terms of syntax and semantics  
7. understand the concept of business process analysis and relevant techniques  
8. use analysis techniques for analyzing business processes and identify the problem or 
drawback of business process  
9. select and apply appropriate analysis techniques to derive performance information from 
process execution log  
10. design and execute a business process in a team  
11. use appropriate Business Process Management System to automate business processes",3(3-0-6)
INT100,,INFORMATION TECHNOLOGY FUNDAMENTALS,ความรู้ในภาพรวมของเทคโนโลยีสารสนเทศ ภาพจำลองของระบบเทคโนโลยีสารสนเทศ ความสำคัญของข้อมูลและสารสนเทศ การบริหารความซับซ้อน การใช้ระบบสารสนเทศในงานธุรกิจ ระบบสารสนเทศเพื่อการบริหารทรัพยากร ทรัพยากรบุคคล การเงิน การบัญชี การผลิต สินค้าคงคลัง พาณิชย์อิเล็กทรอนิกส์ งานขาย การบริการ การบริหารเครือข่ายผู้ผลิต และการบริหารความสัมพันธ์กับลูกค้า การใช้ระบบสารสนเทศเพื่อดำเนินกิจการ การสนับสนุนการตัดสินใจ การประกันและรักษาความมั่นคงของสารสนเทศ การเป็นนักเทคโนโลยีสารสนเทศ กระบวนการ กิจกรรม และระเบียบวิธีการในการพัฒนาซอฟต์แวร์ การบริหารโครงการ,"Pervasive themes in Information Technology, system model, data and information, 
management of complexity, using information system for business, enterprise resource 
management, human resource, financial, accounting, production, inventory management, e
commerce, sales, service, supply-chain management and customer relationship management, 
information system for operation and management, decision support, information assurance and 
security, Information Technology professionalism, software development process, activities, and 
methodology, project management Course Learning Outcomes 
1. Recognize the importance of data and information, the importance of each activity in 
software development, aware of Agile methodology and its’ benefits, and the importance of 
information assurance, security, and privacy. 
2. Understand the benefits of system modeling, the principles of modern software process, 
the management of resources, inventory, and financial in organizations, Expose to 
business processes and requirements of major business domains. 
3. Make sense of how complexity is managed. 
4. Aware of the various information systems that can be used to serve organizations to meet 
the organization’s goals and business objectives. 
79 
5. Value the qualities of Information Technology professionals such as punctuality, 
responsibility, trustworthiness, and leadership. 
6. Differentiate among phases in software development. 
7. Argue for the importance of project management as it relates to software development. ",FALSE,,
INT420,การวิเคราะห์ข้อมูลขนาดใหญ่ ,BIG DATA ANALYTICS,การประยุกต์เทคนิคทางการวิเคราะห์ข้อมูลกับข้อมูลขนาดใหญ่ แหล่งข้อมูลขนาดใหญ่ ผลกระทบของการวิเคราะห์ข้อมูลขนาดใหญ่ต่อประสิทธิภาพขององค์กร วงจรชีวิตของการวิเคราะห์ข้อมูลขนาดใหญ่ การเก็บบันทึกและการประมวลผลแบบกระจาย การชักตัวอย่างข้อมูลและการประมวลผลก่อน การทำให้เห็นภาพ การเลือกคุณลักษณะ การวัดความเหมือนและความต่าง ตัวแบบข้อมูล การเรียนรู้ของเครื่อง การวิเคราะห์กลุ่มข้อมูล การวิเคราะห์เชิงพรรณนา การวิเคราะห์เชิงทำนาย ระบบแนะนำ การวิเคราะห์ข้อมูลแบบไม่มีโครงสร้าง และการแปลผลการวิเคราะห์อย่างมีประสิทธิภาพ,"Applying data analytics in big data environments, sources of big data, Impact of large
scale data analytics on organizational performance, Big Data analytics lifecycle, Distributed data 
store and computing, Data Sampling and Preprocessing, Visualization, Variable Selection, 
Similarity and Distance measurement, Data  modeling, Machine learning, Cluster analysis, 
Descriptive analytics, Predictive analytics, Recommendation system, Unstructured data analysis, 
Efficient interpretation of the analytical results",TRUE,"1. Identify sources of large volumes of data, current social, ethical, legal, and policy issues 
caused by the large-scale data analytics, and importance of data governance for managing 
large-scale data and logical and physical access security controls to protect data. 
2. Describe how analytics can be used in major functional areas of an organization. 
3. Define and describe  
a. large-scale data challenges of volume, variety, velocity, and veracity 
b. challenges of large scale data analytics in diverse sectors such as sensor networks, 
finance, retail, genomics, and social media. 
c. an organizational problem as an analytics problem. 
d. how to best apply large-scale analytics methods and techniques in addressing strategic 
organizational problems. 
4. Compare different data platforms that can be used for processing and generating large 
data sets. 
5. Apply data preprocessing techniques—data integration, data cleansing, data 
transformation, data reduction, and a data analytics lifecycle to a case study scenario and 
appropriate data analysis methods to solve real-world problems. 
6. Discuss how to extract knowledge and insights from large and complex collections of 
digital data. 
7. Explain technical foundations of the commonly used data analysis methods. 
8. Communicate the results of data analysis to technical and management audience. 
9. List regulatory compliance rules and regulations applicable to data management. 
10. Implement data-intensive computations on cluster and cloud infrastructures 
11. Examine the impact of large-scale data analytics on organizational performance using case 
studies.",3(3-0-6)
INT491,,APPLIED COMPUTER VISION,การประมวลผลภาษาธรรมชาติเบื้องต้น การเตรียมข้อความ การแท็กส่วนของคำพูด (Part-of-Speech Tagging) การแจกแจงรูปประโยค (Parsing) การรู้จำชื่อเฉพาะ (Named Entity Recognition) การแทนคำและการเข้ารหัสคำ (Word Embedding/Encoding) โมเดลภาษา (Language Model) การวิเคราะห์ความรู้สึก (Sentiment Analysis) การจำแนกประเภทข้อความ (Text Classification) การแปลภาษาด้วยเครื่อง (Machine Translation) การสกัดสารสนเทศ (Information Extraction) ระบบตอบคำถาม (Question Answering) การสรุปข้อความ (Text Summarization) การสร้างข้อความ (Text Generation),"Introduction to Natural Language Processing, Text Preprocessing, Part-of-Speech 
Tagging, Syntactic Parsing, Named Entity Recognition (NER), Word Representations and Word 
Embeddings, Language Models, Sentiment Analysis, Text Classification, Machine Translation, 
Information Extraction, Question Answering Systems, Text Summarization, Text Generation 
Understand, design, and implement NLP applications for tasks such as sentiment 
analysis, text classification, machine translation, information extraction, question 
answering systems, text summarization, and text generation.",TRUE,,
INT491,,MULTIMEDIA TECHNOLOGY,,,TRUE,,
INT492,,BUSINESS FINANCE AND DATA ANALYTICS,"เรียนรู้จากมุมมองการบริหารและวิเคราะห์การเงินและการวิเคราะห์ข้อมูลด้วย
 เครื่องจักรกลเรียนรู้ หลักการวิเคราะห์ทางการเงินและการจัดการธุรกิจ รายงานทาง
 การเงิน การวิเคราะห์กระแสเงินสด ดัชนีชี้วัดความสามารถของธุรกิจ การวิเคราะห์เชิง
 สถิติ การประเมินความเสี่ยง การเงินระหว่างประเทศและเศรษฐศาสตร์ที่เกี่ยวข้อง การ
 ประเมินราคาหลักทรัพย์ทางการเงิน การจัดการพอร์ตการลงทุน การวิเคราะห์และ
 ท านายทางการเงินเชิงเวลาและเชิงเทคนิค  เทคนิคการจัดเตรียมและตรวจสอบข้อมูล
 เพื่อใช้เครื่องจักรกลเรียนรู้สนับสนุนในการวิเคราะห์ทางการเงินธุรกิจ","Learn the concept of financial management and the usage of data 
analytics by machine learning methods Concept of financial analysis and 
business management, financial statements and cashflow analysis, 
business performance indicators, statistical analysis, risk evaluation, 
international finance and relevant economics, security valuation, portfolio 
management, financial time series analysis and forecasting, data treatment 
and validation for machine learning to support the business financial 
analytics ",TRUE,,
INT492,,DEVSECOPS,,,TRUE,,
INT540,,DECISION SUPPORT SYSTEMS,ความรู้เบื้องต้นเกี่ยวกับระบบสนับสนุนการตัดสินใจ กระบวนการการตัดสินใจของมนุษย์ แนะน าการสร้างโมเดลและ การวิเคราะห์การตัดสินใจ แนะน าการท าประโยชน์สูงสุดและการโปรแกรมเชิงเส้น การโมเดลและการแก้ปัญหา การ โปรแกรมเชิงเส้น การวิเคราะห์ความอ่อนไหวและวิธีการซิมเพล็กซ์ การโมเดลเครือข่าย การโปรแกรมเชิงเส้นที่เป็น เลขจ านวนเต็ม การโปรแกรมเป้าหมายและกรณีมีหลายวัตถุประสงค์ การโปรแกรมแบบไม่เป็นเชิงเส้น การวิเคราะห์ การถดถอย การวิเคราะห์การแบ่งแยก การวิเคราะห์อนุกรมของเวลา ทฤษฎีแถวคอย การจ าลอง และตัวอย่างของ ระบบสนับสนุนการตัดสินใจ,"Introduction to decision support systems, human decision-making processes, introduction to 
modeling and decision analysis, introduction to optimization and linear programming, modeling and 
solving linear programming problems, sensitivity analysis and the simplex method, network 
modeling, integer linear programming, goal programming and multiple objective optimization, 
nonlinear programming, regression analysis, discrimination analysis, time series analysis, queuing 
theory, simulation, and examples of decision support systems.",TRUE,,
INT531,,SMART NETWORKING AND INTELLIGENT INFRASTRUCTURE WORKSHOP,"ความรู้และทักษะพื้นฐานในการเครือข่ายที่จำเป็นสำหรับการออกแบบ ติดตั้ง และกำหนดค่าเครือข่าย พื้นฐานและเครือข่ายส่วนบ้านไร้สายสำหรับ SMART (Stable, Management, Availability, Reliability, and Trust) Networking and Intelligent Infrastructure โดยที่จะตั้งตนเองให้เป็น สมาชิกที่เชื่อถือได้ในทีมและสามารถมีส่วนร่วมในการออกแบบเครือข่ายสำหรับองค์กรในขนาดใหญ่ทั้ง แบบใช้สายและไร้สาย โดยมีการตรวจสอบความเข้าใจในพื้นฐานการออกแบบแพลตฟอร์มเครือข่าย และ ทักษะในเรื่องของการเครือข่ายที่มีสวิตช์และโครงสร้างไฟล์รวมถึง VLANs, การเข้าถึงความมั่นคง ปลอดภัย เทคโนโลยีการสำรองข้อมูลและโครงสร้างที่เกี่ยวข้อง","Introduction Foundation networking knowledge and skills required to design, set up, 
and configure a basic Network and Wireless Local Area Network for SMART (Stable, 
Management, Availability, Reliability, and Trust) Networking and Intelligent Infrastructure. 
To position yourself as a trusted team member who can contribute to the design of 
enterprise-wide campus wired and wireless networks. To validate you understand the 
fundamentals of designing a network platform. To skills on the networking 
fundamentals of switches and file structures including VLANs, secure access, 
redundancy technologies, and framework",TRUE,,
INT540,การเริ่มต้นธุรกิจและการเป็นผู้ประกอบการดิจิทัล,DIGITAL STARTUP AND ENTREPRENEURSHIP,"การเริ่มต้นธุรกิจและการเป็นผู้ประกอบการดิจิทัล (Digital Startup and Entrepreneurship) เป็นวิชาที่เน้นภาคปฏิบัติและทฤษฎี ผู้เรียนสามารถพัฒนาทักษะ ผู้ประกอบการเทคโนโลยี โดยใช้แนวคิดการออกแบบ (Design Thinking) การพัฒนานวัตกรรมแบบลีน การสร้างแบบจำลองธุรกิจดิจิทัลสมัยใหม่ การสร้างต้นแบบและการทดสอบนวัตกรรมดิจิทัลในภาคสนามโดยกลุ่มผู้ใช้งานเป้าหมายเพื่อให้ผู้เรียนมีแนวคิดในการสร้างนวัตกรรมเป็นของตัวเองและนำไปสู่การตั้งกิจการใหม่หลังสำเร็จรายวิชา ผู้เรียน เข้าใจกระบวนการสร้างและการลงทุนในกิจการตั้งใหม่ ตลอดจนผู้มีส่วนได้ส่วนเสียและ หน่วยงานที่เกี่ยว เช่น นักลงทุน (Investors) และบริษัทร่วมลงทุน (Venture  Capitalists: VCs) หน่วยงานให้ทุนภาครัฐ (Seed funders) เป็นต้น ตลอดจนผู้เรียนยัง เข้าใจในเทคโนโลยีการระดมทุนสมัยใหม่ เช่น Crowdfunding และ Initial Coin  Offering (ICO) เป็นต้น 1. สามารถออกแบบนวัตกรรมดิจิทัลที่ใช้งานระบบและเทคโนโลยีสารสนเทศ
2. สามารถดำเนินโครงการพัฒนานวัตกรรมดิจิทัล
3. สามารถเริ่มต้นธุรกิจและเป็นผู้ประกอบการดิจิทัล
4. สามารถเข้าใจปัญหาและความต้องการผู้ใช้งานเพื่อหาทางแก้ปัญหาโดยใช้ระบบและเทคโนโลยีสารสนเทศ
5. สามารถออกแบบธุรกิจดิจิทัลอันเกิดขึ้นมาจากการบูรณาการระบบและเทคโนโลยีสารสนเทศ
6. สามารถนำเสนอขอรับทุนจากนักลงทุนและหน่วยงานที่เกี่ยวข้อง","Digital Startup and Entrepreneurship is a practical and theoretical-focused 
course. Learners can develop entrepreneurial skills for digital businesses 
using design thinking, lean innovation development, modern digital 
business models, prototyping, and testing of digital innovations in the field 
by target users. Learners will have innovative ideas leading to new 
businesses after completing the course. Learners understand the process 
of creating and investing in new ventures and stakeholders and related 
agencies such as investors, venture capitalists (VCs), government funding 
agencies (Seed funders), etc. Also, learners understand modern fundraising 
technologies such as crowdfunding, initial coin offering (ICO), etc. ",TRUE,"1. สามารถออกแบบนวัตกรรมดิจิทัลที่ใช้งานระบบและเทคโนโลยีสารสนเทศ 
2. สามารถดำเนินโครงการพัฒนานวัตกรรมดิจิทัล 
3. สามารถเริ่มต้นธุรกิจและเป็นผู้ประกอบการดิจิทัล 
4. สามารถเข้าใจปัญหาและความต้องการผู้ใช้งานเพื่อหาทางแก้ปัญหาโดยใช้ระบบและเทคโนโลยีสารสนเทศ 
5. สามารถออกแบบธุรกิจดิจิทัลอันเกิดขึ้นมาจากการบูรณาการระบบและเทคโนโลยีสารสนเทศ 
6. สามารถนำเสนอขอรับทุนจากนักลงทุนและหน่วยงานที่เกี่ยวข้อง",3(3-0-6)
INT511,การออกแบบส่วนต่อประสาน,UI DESIGN,"รายวิชานี้ให้ความรู้พื้นฐานเกี่ยวกับการจัดองค์ประกอบการออกแบบและ
 องค์ประกอบภาพในงานออกแบบ UI รวมถึงตัวอักษร สี ข้อความย่อย รูปภาพ และ
 เค้าโครง (Layout) นอกจากนี้ยังครอบคลุมถึงโครงสร้างและสถานะขององค์ประกอบ 
UI, การจัดระเบียบข้อมูล, ส่วนประกอบการนำทาง และแนวปฏิบัติที่ดีที่สุดในการ
 ออกแบบส่วนต่อประสานผู้ใช้ เช่น หน้า Landing Page, แบบฟอร์มเข้าสู่ระบบ, 
แบบฟอร์มลงทะเบียน และองค์ประกอบแบบฟอร์มอื่น ๆ 
1. เข้าใจและประยุกต์ใช้หลักการออกแบบที่เน้นผู้ใช้ (User-Centered Design) 
เพื่อสร้างส่วนต่อประสานที่ตอบสนองความต้องการและความพึงพอใจของผู้ใช้ 
2. ออกแบบและประเมินประสิทธิภาพขององค์ประกอบภาพใน UI เช่น ตัวอักษร 
สี และเค้าโครง 
3. สร้างส่วนต่อประสานที่ใช้โครงสร้าง Component-Based ได้อย่างชัดเจนและมี
 ประสิทธิภาพ 
4. สร้างต้นแบบที่มีการโต้ตอบ (Interactive Prototypes) โดยใช้เครื่องมือ
 มาตรฐานในอุตสาหกรรม 
5. ทำการทดสอบใช้งาน (Usability Testing) และปรับปรุงการออกแบบตาม
 ความคิดเห็นของผู้ใช้ 
6. นำเสนอและจัดทำเอกสารการออกแบบได้อย่างชัดเจนและเป็นมืออาชีพ",,TRUE,"1. เข้าใจและประยุกต์ใช้หลักการออกแบบที่เน้นผู้ใช้ (User-Centered Design) เพื่อสร้างส่วนต่อประสานที่ตอบสนองความต้องการและความพึงพอใจของผู้ใช้

2. ออกแบบและประเมินประสิทธิภาพขององค์ประกอบภาพใน UI เช่น ตัวอักษร สี และเค้าโครง

3. สร้างส่วนต่อประสานที่ใช้โครงสร้าง Component-Based ได้อย่างชัดเจนและมีประสิทธิภาพ

4. สร้างต้นแบบที่มีการโต้ตอบ (Interactive Prototypes) โดยใช้เครื่องมือมาตรฐานในอุตสาหกรรม

5. ทำการทดสอบการใช้งาน (Usability Testing) และปรับปรุงการออกแบบตามความคิดเห็นของผู้ใช้

6. นำเสนอและจัดทำเอกสารการออกแบบได้อย่างชัดเจนและเป็นมืออาชีพ",3(2-2-5) 
INT520,การวิเคราะห์ข้อมูลด้วยภาพ  ,DATA VISUALIZATION,"ความรู้ความเข้าใจในประเภทของข้อมูล เข้าใจในกราฟ ตาราง ประเภทต่าง ๆ ที่
เหมาะกับการน าเสนอเพื่อการเข้าใจในข้อมูลได้ง่าย อธิบายได้ว่าประเภทของข้อมูล
ประเภทใดเหมาะกับการนำเสนอด้วยกราฟประเภทใด สามารถใช้เครื่องมือ Power BI 
เพื่อการสร้างกราฟประเภทต่าง ๆ ได้ สามารถเชื่อมข้อมูลที่มากกว่า 1 ข้อมูลเข้า
ด้วยกันก่อนการสร้างกราฟผ่านทางเครื่องมือ Power BI สามารถใช้ฟังก์ชัน Data 
Analytical Expression (DAX) เพื่อการปรับแต่งข้อมูล สามารถน ากราฟประเภทต่าง 
ๆ มาแสดงร่วมกันในลักษณะของ dashboard ได้ 
1. นักศึกษาเข้าใจในวัตถุประสงค์การใช้งานของกราฟรูปแบบต่าง ๆ  
2. นักศึกษาใช้เครื่องมือ Power BI ในการวิเคราะห์ข้อมูลใดข้อมูลหนึ่งในรูปแบบ
 ของภาพผ่านกราฟต่าง ๆ  
3. นักศึกษาใช้เครื่องมือ Power BI ในการสร้างความสัมพันธ์ของข้อมูลหลากหลาย
 ก่อนการวิเคราะห์โดยน าเสนอข้อมูลด้วยภาพผ่านกราฟรูปแบบต่าง ๆ  
4. นักศึกษาใช้ฟังก์ชัน Data Analytical Expression (DAX) เพื่อปรับแต่งข้อมูล
 ก่อนการวิเคราะห์โดยน าเสนอข้อมูลด้วยภาพผ่านกราฟรูปแบบต่าง ๆ 
5. นักศึกษาใช้เครื่องมือ Power BI ในการวิเคราะห์ข้อมูล ติดตามข้อมูล ด้วยการน า
 กราฟรูปแบบต่างๆ มารวมไว้ในที่เดียวกันในรูปแบบของ Dashboard","Understand data that will be used to analyze, Understand the purpose 
of each Chart, Graph, and Table to present in data visualization, Use the 
Power BI tool to create chart, graph and table, Link multiple data in 
Power BI before creating the data visualization, Use DAX function to 
clean and adjust data, Create the dashboard by using Power BI tool ",TRUE,"1. นักศึกษาเข้าใจในวัตถุประสงค์การใช้งานของกราฟรูปแบบต่าง ๆ  
2. นักศึกษาใช้เครื่องมือ Power BI ในการวิเคราะห์ข้อมูลใดข้อมูลหนึ่งในรูปแบบของภาพผ่านกราฟต่าง ๆ  
3. นักศึกษาใช้เครื่องมือ Power BI ในการสร้างความสัมพันธ์ของข้อมูลหลากหลายก่อนการวิเคราะห์โดยนำเสนอข้อมูลด้วยภาพผ่านกราฟรูปแบบต่าง ๆ  
4. นักศึกษาใช้ฟังก์ชัน Data Analytical Expression (DAX) เพื่อปรับแต่งข้อมูล
ก่อนการวิเคราะห์โดยนำเสนอข้อมูลด้วยภาพผ่านกราฟรูปแบบต่าง ๆ 
5. นักศึกษาใช้เครื่องมือ Power BI ในการวิเคราะห์ข้อมูล ติดตามข้อมูล ด้วยการนำ
กราฟรูปแบบต่างๆ มารวมไว้ในที่เดียวกันในรูปแบบของ Dashboard",3(3-0-6)
INT520,,ARTIFICIAL INTELLIGENCE,"ปัญญาประดิษฐ์เบื้องต้น ชนิดของหุ่นยนต์ เทคนิคการค้นหาแบบไบลด์ การค้นหา
 แบบฮิวริสติก แอนด์/ออร์ กราฟ การเล่นเกมปัญญาประดิษฐ์ อัลฟา-เบตา คัทออฟ 
ลอจิกแบบต่าง ๆ และการประยุกต์ เฟริสออร์เดอร์ลอจิก การใช้เหตุผลบนความไม่
 แน่นอนและเบย์เซียนเน็ตเวิร์ก ระบบการรักษาค่าความจริง วิธีการเซอร์เทนลีแฟค
 เตอร์ วิธีการเดมสเตอร์และชาฟต์เตอร์ ฟัซซีลอจิก อินดัคทีฟเลิร์นนิง จีเนติก
 อัลกอริทึม โครงข่ายประสาทเทียม ระบบผู้เชี่ยวชาญ และอนาคตและผลกระทบของ
 ปัญญาประดิษฐ์ 
• ประยุกต์ใช้ความมีระเบียบวินัย กับงานที่ได้รับมอบหมายอย่างนักทำงานมืออาชีพ 
• ประยุกต์การคิดวิเคราะห์และแก้ปัญหาได้ด้วยการสร้างระบบการเรียนรู้อย่างเป็น
 เหตุ และผลให้กับระบบสารสนเทศ 
• ประยุกต์แนวทางการเรียนรู้ของเครื่องจักรด้วยการบูรณาการข้อมูลต่าง ๆ ที่
 เกี่ยวข้องให้เครื่องจักรได้เรียนรู้ 
• ประยุกต์ ทักษะทางปัญญาในการประยุกต์ปัญญาประดิษฐ์ให้กับระบบสารสนเทศ 
• ประยุกต์ใช้ปัญญาประดิษฐ์ ในการเลือกใช้ข้อมูลเพื่อสนับสนุนการตัดสินใจของ
 ระบบปัญญาประดิษฐ์ 
• ประยุกต์ใช้แนวทางการเรียนรู้แบบ Inductive Learning เพื่อพัฒนาความรู้ใหม่
 ด้านปัญญาประดิษฐ์ให้กับตนเองได้ 
• ประยุกต์ใช้หลักการวิเคราะห์ข้อมูล เพื่อพัฒนาระบบประสาทเทียม",,TRUE,"1. ประยุกต์ใช้ความมีระเบียบวินัย กับงานที่ได้รับมอบหมายอย่างนักทำงานมืออาชีพ 

2. ประยุกต์การคิดวิเคราะห์และแก้ปัญหาได้ด้วยการสร้างระบบการเรียนรู้อย่างเป็นเหตุ และผลให้กับระบบสารสนเทศ 

3. ประยุกต์แนวทางการเรียนรู้ของเครื่องจักรด้วยการบูรณาการข้อมูลต่าง ๆ ที่เกี่ยวข้องให้เครื่องจักรได้เรียนรู้ 

4. ประยุกต์ ทักษะทางปัญญาในการประยุกต์ปัญญาประดิษฐ์ให้กับระบบสารสนเทศ 

5. ประยุกต์ใช้ปัญญาประดิษฐ์ ในการเลือกใช้ข้อมูลเพื่อสนับสนุนการตัดสินใจของระบบปัญญาประดิษฐ์ 

6. ประยุกต์ใช้แนวทางการเรียนรู้แบบ Inductive Learning เพื่อพัฒนาความรู้ใหม่ด้านปัญญาประดิษฐ์ให้กับตนเองได้ 

7. ประยุกต์ใช้หลักการวิเคราะห์ข้อมูล เพื่อพัฒนาระบบประสาทเทียม 


",3(3-0-6)
INT530,ความปลอดภัยอินเทอร์เน็ต (เชิงปฏิบัติ) ,INTERNET SECURITY (HANDS-ON APPROACH),"วิชานี้จะให้ความรู้เบื้องต้นเกี่ยวกับหลักการและการปฏิบัติด้านความปลอดภัยอินเทอร์เน็ตอย่างครอบคลุม นักศึกษาจะได้เรียนรู้แนวคิดพื้นฐานด้านความปลอดภัยของเครือข่าย และวิธีการป้องกันการสื่อสารในเครือข่ายผ่านการเข้าใจวงจรชีวิตของแพ็กเก็ต ระดับชั้นของโปรโตคอล และช่องโหว่ทั่วไป กิจกรรมภาคปฏิบัติประกอบด้วยการดักจับและปลอมแปลงแพ็กเก็ต โดยใช้เครื่องมือต่าง ๆ เช่น Wireshark, tcpdump และ Scapy หัวข้อที่ครอบคลุมได้แก่ การโจมตีในเลเยอร์ MAC (การปลอมแปลงแคช ARP, การโจมตีแบบ Man-in-the-Middle), การโจมตีในเลเยอร์ IP (การแบ่งแพ็กเก็ต IP, การโจมตีด้วย ICMP) และการโจมตีโปรโตคอล TCP (การโจมตีแบบ SYN Flooding, การแย่งชิงเซสชัน TCP)

นอกจากนี้ นักศึกษาจะได้เรียนรู้การใช้งานไฟร์วอลล์ (Netfilter, iptables), เทคโนโลยี VPN (TLS/SSL, TUN/TAP) และความปลอดภัยของ DNS โดยเน้นถึงช่องโหว่ เช่น การโจมตี DNS Cache Poisoning และการปฏิเสธการให้บริการ (DoS) เมื่อจบวิชา นักศึกษาจะมีทักษะในการวิเคราะห์ ตรวจจับ และป้องกันภัยคุกคามด้านความปลอดภัยเครือข่าย","This course provides a comprehensive introduction to the principles and practices 
of internet security. Students will explore fundamental network security concepts 
and learn how to secure network communications by understanding the lifecycle 
of packets, protocol layers, and common vulnerabilities. Hands-on activities 
include packet sniffing and spoofing using tools such as Wireshark, tcpdump, and 
Scapy. Topics cover attacks on various network layers, including MAC layer attacks 
(ARP Cache Poisoning, Man-in-the-Middle), IP layer attacks (IP Fragmentation, ICMP 
attacks), and TCP protocol attacks (SYN Flooding, TCP Session Hijacking). 
Additionally, students will gain practical experience with firewalls (Netfilter, 
iptables), VPN technologies (TLS/SSL, TUN/TAP), and DNS security, addressing 
vulnerabilities like DNS cache poisoning and denial-of-service attacks. 
By the end of the course, students will have the skills to analyze, detect, 
and mitigate internet security threats.",TRUE,"1. ประยุกต์คุณธรรมจริยธรรมในการทำงานด้านเทคโนโลยีสารสนเทศ
2. ประยุกต์ความรู้ลึกด้านวิชาการในการศึกษา ต่อการพัฒนาด้านเทคโนโลยีดิจิทัลได้ 
3. ประยุกต์การคิดวิเคราะห์อย่างเป็นระบบที่สร้างสรรค์และมีเหตุผล  
4. ประยุกต์ใช้วิธีการสืบค้นกับการศึกษาหรือการทำงาน สามารถที่จะบูรณาการและ
เชื่อมโยง ความรู้ที่เกี่ยวข้องได้เป็นอย่างดี
5. ประยุกต์การแก้ไขปัญหาที่ซับซ้อนด้วยเทคโนโลยีสารสนเทศได้  
6. ประยุกต์การเลือกใช้ข้อมูลที่น่าเชื่อถือในการศึกษาและการทำงานได้
7. ประยุกต์การพัฒนาการเรียนรู้ด้านเทคโนโลยีสารสนเทศของตนเองได้อย่างต่อเนื่อง 
8. เขียนรายงานการศึกษาได้ด้วยค าศัพท์ทางการและวิชาการ และสื่อรูปภาพ, Chart, 
Diagram ที่ง่ายต่อการทำความเข้าใจ ",3(3-0-6)
INT531,,SITE RELIABILITY ENGINEERING (SRE),"วิชานี้มุ่งเน้นให้นักศึกษามีความรู้และทักษะในด้าน Site Reliability Engineering 
(SRE) ซึ่งเป็นหลักการที่พัฒนาขึ้นโดย Google เพื่อดูแลให้ระบบ IT และ Software มี
 ความ เสถียร (reliable), สามารถขยายได้ (scalable) และ ตรวจสอบได้ 
(observable) โดยเน้นการใช้เครื่องมือที่เหมาะสม การออกแบบระบบที่ทนต่อความ
 ล้มเหลว และแนวคิดด้าน Automation, Monitoring และ Incident Management 
1. อธิบายหลักการของ SRE และความสำคัญของ Reliability, SLAs, SLOs, และ 
Error Budget 
2. ออกแบบระบบที่รองรับโหลดสูง มีความทนทาน และสามารถตรวจสอบได้ 
3. ใช้เครื่องมืออัตโนมัติ (IaC, Monitoring, Alerting) เพื่อสนับสนุนการปฏิบัติงาน 
4. วางแผนจัดการเหตุการณ์ (Incident Response) และเขียนรายงานวิเคราะห์
 เหตุการณ์ (Postmortem) 
5. พัฒนาระบบให้มีประสิทธิภาพและต้นทุนเหมาะสม ",,TRUE,"1. อธิบายหลักการของ SRE และความสำคัญของ Reliability, SLAs, SLOs, และ Error Budget 
2. ออกแบบระบบที่รองรับโหลดสูง มีความทนทาน และสามารถตรวจสอบได้ 
3. ใช้เครื่องมืออัตโนมัติ (IaC, Monitoring, Alerting) เพื่อสนับสนุนการปฏิบัติงาน
4. วางแผนจัดการเหตุการณ์ (Incident Response) และเขียนรายงานวิเคราะห์เหตุการณ์ (Postmortem) 
5. พัฒนาระบบให้มีประสิทธิภาพและต้นทุนเหมาะสม ",3(2-2-5) 
